"","year","month","prod_PhL_biom_month","prod_PhS_biom_month","CGOA_prod_Ph"
"1",1980,1,79.5924337196073,26.0750844828191,52.8337591012132
"2",1980,2,108.330335299504,33.7068911513535,71.0186132254286
"3",1980,3,551.083451633303,94.3776407921589,322.730546212731
"4",1980,4,542.824302742922,117.777167451034,330.300735096978
"5",1980,5,370.124959034478,108.423263388849,239.274111211663
"6",1980,6,382.931070406311,92.2643874022525,237.597728904282
"7",1980,7,386.349505776537,57.0238661889026,221.68668598272
"8",1980,8,319.894338989251,53.4897018209848,186.692020405118
"9",1980,9,277.653475172927,66.4809493646307,172.067212268779
"10",1980,10,197.734555340669,54.328250740338,126.031403040504
"11",1980,11,60.9794100040008,21.6962965589644,41.3378532814826
"12",1980,12,11.6423631087884,6.86253021466319,9.2524466617258
"13",1981,1,12.1244989500388,7.57075331817709,9.84762613410794
"14",1981,2,84.5950712974418,31.2846676763193,57.9398694868806
"15",1981,3,210.976284350838,70.2477043040149,140.611994327426
"16",1981,4,404.469645353507,100.237267945031,252.353456649269
"17",1981,5,273.661709010801,70.5000042333148,172.080856622058
"18",1981,6,298.564217352206,50.7457580310965,174.654987691651
"19",1981,7,275.464393883796,33.918934304557,154.691664094176
"20",1981,8,278.698714305049,34.5599673102652,156.629340807657
"21",1981,9,198.82945691496,31.6714586976381,115.250457806299
"22",1981,10,169.023101175634,46.9218798337279,107.972490504681
"23",1981,11,54.4580381327672,20.0923343819594,37.2751862573633
"24",1981,12,6.182590472475,5.02296736287161,5.60277891767331
"25",1982,1,36.0908292057886,13.4746886970798,24.7827589514342
"26",1982,2,131.107079233942,41.8713478750292,86.4892135544857
"27",1982,3,264.930069423044,75.1208578834232,170.025463653233
"28",1982,4,305.647930619439,93.8124435172466,199.730187068343
"29",1982,5,304.171033985089,71.0837527124023,187.627393348745
"30",1982,6,287.849509170723,43.2937297860424,165.571619478383
"31",1982,7,276.645563247331,27.5598699205159,152.102716583924
"32",1982,8,280.935362767157,24.8238154748632,152.87958912101
"33",1982,9,277.44859045035,32.8764302623685,155.162510356359
"34",1982,10,211.747624914328,39.611919135827,125.679772025077
"35",1982,11,89.4227442802747,24.1031735749039,56.7629589275893
"36",1982,12,11.8054121906248,5.93435432032118,8.86988325547298
"37",1983,1,21.3881463938862,10.0156745919254,15.7019104929058
"38",1983,2,74.078608619117,27.6918163661114,50.8852124926142
"39",1983,3,390.562080920657,88.4072571987973,239.484669059727
"40",1983,4,396.030357684731,109.468865069176,252.749611376953
"41",1983,5,331.950704123618,91.9490398941705,211.949872008894
"42",1983,6,296.775004529263,67.9601833499762,182.367593939619
"43",1983,7,294.082830924631,54.1484517523072,174.115641338469
"44",1983,8,274.284169299891,43.684087243777,158.984128271834
"45",1983,9,227.860119909341,40.7053115074187,134.28271570838
"46",1983,10,209.690150071018,59.737514252027,134.713832161523
"47",1983,11,83.7240551220834,30.2072303804504,56.9656427512669
"48",1983,12,15.3322051255538,8.57496836597509,11.9535867457644
"49",1984,1,17.8591293589628,10.5109595909909,14.1850444749769
"50",1984,2,117.256755222245,43.759246274293,80.5080007482691
"51",1984,3,291.730050983951,85.6021427519067,188.666096867929
"52",1984,4,324.083071556997,92.4789013310212,208.280986444009
"53",1984,5,321.399375356335,82.0860649044045,201.74272013037
"54",1984,6,280.200719005915,55.102176113829,167.651447559872
"55",1984,7,283.428417502998,42.4731340342887,162.950775768643
"56",1984,8,270.48356847038,34.7739723308074,152.628770400594
"57",1984,9,240.475513971528,45.0137185118309,142.74461624168
"58",1984,10,163.164491934394,46.0788169911376,104.621654462766
"59",1984,11,51.3343071909607,18.920639791389,35.1274734911748
"60",1984,12,19.9586737361939,8.39206985612696,14.1753717961604
"61",1985,1,21.0790557237973,9.71197065917024,15.3955131914838
"62",1985,2,184.289570854838,59.3966258714523,121.843098363145
"63",1985,3,268.047068836913,85.6287486125859,176.837908724749
"64",1985,4,412.692037893644,97.3011983190694,254.996618106357
"65",1985,5,325.363287142982,79.2194536084317,202.291370375707
"66",1985,6,333.644653739549,60.599219455707,197.121936597628
"67",1985,7,325.471677522039,56.5123285835582,190.992003052799
"68",1985,8,293.074764358426,42.7135615490293,167.894162953728
"69",1985,9,255.237416393882,43.2054905588117,149.221453476347
"70",1985,10,139.309527984662,42.2793213206563,90.7944246526594
"71",1985,11,57.0193918733743,23.4699636698623,40.2446777716183
"72",1985,12,11.3581614134605,6.23997215085831,8.79906678215942
"73",1986,1,20.4100239383252,9.82789266905726,15.1189583036912
"74",1986,2,101.646303393569,39.2791805904912,70.4627419920302
"75",1986,3,247.755022656793,74.3857626971627,161.070392676978
"76",1986,4,386.580469672895,97.7992781098682,242.189873891381
"77",1986,5,396.307913833368,69.8453487717663,233.076631302567
"78",1986,6,297.05983787587,52.6792873188761,174.869562597373
"79",1986,7,314.71164589871,35.5937960442443,175.152720971477
"80",1986,8,286.481195223906,32.6334469198445,159.557321071875
"81",1986,9,291.143550335343,50.1343685551572,170.63895944525
"82",1986,10,150.117200391214,43.059985569377,96.5885929802956
"83",1986,11,85.43201952173,32.1282444464172,58.7801319840736
"84",1986,12,13.8790096123015,6.88925245854359,10.3841310354225
"85",1987,1,23.4067656849789,10.4733949578631,16.940080321421
"86",1987,2,119.393586693904,40.6425577532556,80.0180722235797
"87",1987,3,209.331556323494,70.6491641701049,139.990360246799
"88",1987,4,426.752397334637,107.596351805591,267.174374570114
"89",1987,5,376.836406976781,92.541262512199,234.68883474449
"90",1987,6,369.326446441878,72.6145292597469,220.970487850813
"91",1987,7,332.007998092041,45.429137053477,188.718567572759
"92",1987,8,286.267717594135,42.4727886755766,164.370253134856
"93",1987,9,294.708150050023,57.6425504135573,176.17535023179
"94",1987,10,188.028398119266,50.5992770998288,119.313837609547
"95",1987,11,58.2268562952871,24.0503223800372,41.1385893376621
"96",1987,12,10.7140022105557,6.65914183775616,8.68657202415595
"97",1988,1,13.7597479608361,7.94279014970398,10.85126905527
"98",1988,2,98.9062935851449,39.2158639014817,69.0610787433133
"99",1988,3,269.520005178692,75.0249411212461,172.272473149969
"100",1988,4,330.409717492998,81.209146193688,205.809431843343
"101",1988,5,331.132345940118,82.799010422351,206.965678181235
"102",1988,6,287.903009308046,73.9358147289759,180.919412018511
"103",1988,7,297.635837864793,42.8353282347411,170.235583049767
"104",1988,8,275.250603757043,32.9606901890127,154.105646973028
"105",1988,9,224.125957209332,40.0748688431371,132.100413026234
"106",1988,10,147.117521074017,51.3469044992812,99.232212786649
"107",1988,11,43.2234706987266,19.3111765491005,31.2673236239136
"108",1988,12,16.9506851029191,9.11611435032582,13.0333997266224
"109",1989,1,9.42273506170374,7.07260749761968,8.24767127966171
"110",1989,2,68.6279949730175,28.0619154875841,48.3449552303008
"111",1989,3,280.839706375603,76.8638218991069,178.851764137355
"112",1989,4,336.785377946744,98.107409337583,217.446393642164
"113",1989,5,376.990704433765,89.6505596170385,233.320632025402
"114",1989,6,259.322830965775,70.1854264448607,164.754128705318
"115",1989,7,244.476398275004,53.1286171477068,148.802507711355
"116",1989,8,204.158694173712,35.1410405630962,119.649867368404
"117",1989,9,188.625372095938,29.7841632753951,109.204767685667
"118",1989,10,136.097742704105,27.9573194702112,82.0275310871582
"119",1989,11,64.1681198968538,19.5843884958451,41.8762541963495
"120",1989,12,18.377484205286,7.5162111435952,12.9468476744406
"121",1990,1,16.3180502987102,8.42933987597287,12.3736950873415
"122",1990,2,122.325731575608,41.0672036451173,81.6964676103626
"123",1990,3,228.919150168286,75.4903932333384,152.204771700812
"124",1990,4,460.163466038049,102.22704942976,281.195257733905
"125",1990,5,327.826562226181,61.4610483824291,194.643805304305
"126",1990,6,352.273697987731,49.8074599307992,201.040578959265
"127",1990,7,320.752585228268,38.3317929358837,179.542189082076
"128",1990,8,340.162584926651,38.2227437281231,189.192664327387
"129",1990,9,319.031772619332,52.2932147612498,185.662493690291
"130",1990,10,237.071747492158,66.3769575991961,151.724352545677
"131",1990,11,93.5911074520775,32.7781276891458,63.1846175706117
"132",1990,12,19.3751991492468,8.72741339217761,14.0513062707122
"133",1991,1,20.7323985619377,10.594104203312,15.6632513826248
"134",1991,2,87.2926101885855,32.8958614717997,60.0942358301926
"135",1991,3,301.610231008411,89.515074372166,195.562652690289
"136",1991,4,348.055417442185,91.9320734107239,219.993745426454
"137",1991,5,313.954041033528,67.9233459767586,190.938693505143
"138",1991,6,281.596467253025,45.3495406785905,163.473003965808
"139",1991,7,285.968862952739,44.3525384021295,165.160700677434
"140",1991,8,303.175253170539,37.8784371051776,170.526845137858
"141",1991,9,200.611600949978,34.0820818831462,117.346841416562
"142",1991,10,196.892572845609,52.7234897827566,124.808031314183
"143",1991,11,62.1366031305923,23.6587276094562,42.8976653700242
"144",1991,12,15.7196673766826,8.54704278008179,12.1333550783822
"145",1992,1,22.2411335269013,9.45406985335888,15.8476016901301
"146",1992,2,105.149622647211,35.9892462133027,70.569434430257
"147",1992,3,261.589308611938,74.4128317148647,168.001070163402
"148",1992,4,437.417469821582,100.099787984654,268.758628903118
"149",1992,5,335.197938254224,79.2317457320504,207.214841993137
"150",1992,6,337.278698391788,73.602971826031,205.440835108909
"151",1992,7,224.227767213385,47.7932282368716,136.010497725128
"152",1992,8,229.329903671809,47.068624963524,138.199264317667
"153",1992,9,218.492426441113,37.7636808391201,128.128053640117
"154",1992,10,210.822264035225,51.056597501241,130.939430768233
"155",1992,11,56.9267976524356,21.1845095567957,39.0556536046156
"156",1992,12,9.3920989722986,5.70854354718252,7.55032125974056
"157",1993,1,22.0772529855351,10.2347090858906,16.1559810357128
"158",1993,2,101.229126826634,39.299613248935,70.2643700377847
"159",1993,3,272.075091361453,77.8403572436833,174.957724302568
"160",1993,4,396.373745487393,103.123469793047,249.74860764022
"161",1993,5,370.596392817392,76.6005111847135,223.598452001053
"162",1993,6,320.99815729332,64.7917408687647,192.894949081042
"163",1993,7,310.01010643013,47.2675145799135,178.638810505022
"164",1993,8,308.913458854998,38.6274534610951,173.770456158046
"165",1993,9,253.912973733823,45.2175273920807,149.565250562952
"166",1993,10,168.323306688129,49.2742149100201,108.798760799074
"167",1993,11,66.617549310389,21.2928910271062,43.9552201687476
"168",1993,12,23.5282852355619,9.6331081210309,16.5806966782964
"169",1994,1,17.5146083209428,9.12292801746679,13.3187681692048
"170",1994,2,70.1338007942571,28.4352820714779,49.2845414328675
"171",1994,3,294.649868457284,85.5360900068243,190.092979232054
"172",1994,4,409.004818683381,110.818274044488,259.911546363935
"173",1994,5,380.098074247695,90.4478872716628,235.272980759679
"174",1994,6,366.447137177464,78.4089643290921,222.428050753278
"175",1994,7,307.947667637986,48.5725256297079,178.260096633847
"176",1994,8,325.878548765159,39.6626263004717,182.770587532815
"177",1994,9,298.055181635166,41.6286864839621,169.841934059564
"178",1994,10,235.758762383417,54.6084797000764,145.183621041747
"179",1994,11,77.3131877275798,26.0935996015839,51.7033936645819
"180",1994,12,10.6300682931849,6.82831650764087,8.72919240041288
"181",1995,1,23.3739021643663,10.9701779486544,17.1720400565104
"182",1995,2,80.443264282025,30.8895978679088,55.6664310749669
"183",1995,3,293.90118600346,85.5230182827319,189.712102143096
"184",1995,4,430.221261479568,114.73998288949,272.480622184529
"185",1995,5,332.741081941093,103.628251279363,218.184666610228
"186",1995,6,384.631234904871,75.4331312408878,230.032183072879
"187",1995,7,318.143188605079,48.5512588124117,183.347223708745
"188",1995,8,269.5828463649,37.8716080602746,153.727227212587
"189",1995,9,289.522866166069,43.1462144418417,166.334540303956
"190",1995,10,194.332748765813,40.2213638799903,117.277056322902
"191",1995,11,82.0537840422945,27.1468280335108,54.6003060379026
"192",1995,12,14.6966664183191,6.45468397329117,10.5756751958052
"193",1996,1,23.632574742862,9.51231686380461,16.5724458033333
"194",1996,2,100.562530468851,36.7921932987919,68.6773618838215
"195",1996,3,345.503416122999,88.1172864751665,216.810351299083
"196",1996,4,462.612275764208,110.708079803989,286.660177784098
"197",1996,5,379.999402372371,88.9069850840052,234.453193728188
"198",1996,6,376.274886352326,65.2697029849209,220.772294668623
"199",1996,7,371.315914924548,43.491031961617,207.403473443083
"200",1996,8,304.514236849704,37.035802832719,170.775019841211
"201",1996,9,298.926543363317,37.5246972150293,168.225620289173
"202",1996,10,139.992145744673,43.2907716892833,91.6414587169782
"203",1996,11,105.707194418197,35.3278044393168,70.5174994287569
"204",1996,12,10.2286054351922,6.28985431681423,8.2592298760032
"205",1997,1,15.2487301261291,9.384649150507,12.3166896383181
"206",1997,2,78.6958604764512,31.7682648434784,55.2320626599648
"207",1997,3,193.634502920041,67.981002915637,130.807752917839
"208",1997,4,448.336639114014,102.710649199116,275.523644156565
"209",1997,5,309.465401237289,98.7535524577641,204.109476847526
"210",1997,6,342.229176666147,78.5417059698088,210.385441317978
"211",1997,7,296.51208946101,46.7058606754041,171.608975068207
"212",1997,8,268.6735045969,35.4172463773254,152.045375487113
"213",1997,9,220.600977131214,30.4025068835662,125.50174200739
"214",1997,10,199.398192440181,45.6845405902543,122.541366515218
"215",1997,11,70.0306198570834,24.3674539021718,47.1990368796276
"216",1997,12,10.7738105894894,5.62590623855434,8.19985841402185
"217",1998,1,21.5562933533836,10.8976915813152,16.2269924673494
"218",1998,2,97.3935538977667,35.8616873307619,66.6276206142643
"219",1998,3,278.093478386037,85.048745090979,181.571111738508
"220",1998,4,463.27810018039,112.120489631539,287.699294905964
"221",1998,5,323.588698694526,72.299538534844,197.944118614685
"222",1998,6,310.194008770563,50.976186799133,180.585097784848
"223",1998,7,300.49335253694,36.0202622516001,168.25680739427
"224",1998,8,307.979751842593,32.9998791466948,170.489815494644
"225",1998,9,273.331619411014,42.259119424372,157.795369417693
"226",1998,10,192.179190350936,44.3898236095411,118.284506980238
"227",1998,11,94.1616718904355,28.3326971122655,61.2471845013505
"228",1998,12,15.796970230619,7.12437387984559,11.4606720552323
"229",1999,1,17.8112559866211,7.78839149579744,12.7998237412093
"230",1999,2,65.4225719981341,26.9839740798814,46.2032730390078
"231",1999,3,496.930798684218,90.4342828266993,293.682540755458
"232",1999,4,461.554999403408,93.6681678526659,277.611583628037
"233",1999,5,359.579591990509,66.09083686583,212.835214428169
"234",1999,6,369.362916762378,64.1145834352047,216.738750098791
"235",1999,7,329.666745494543,34.2196387782828,181.943192136413
"236",1999,8,315.186448654811,29.8420381026838,172.514243378747
"237",1999,9,256.529798119552,37.8557667161658,147.192782417859
"238",1999,10,179.009848902509,50.7204279840371,114.865138443273
"239",1999,11,59.7397505612793,24.5489081061399,42.1443293337096
"240",1999,12,6.11032638182363,5.58308847369366,5.84670742775864
"241",2000,1,5.35384752146452,5.29959670270077,5.32672211208265
"242",2000,2,69.4511885134375,31.5592471855918,50.5052178495146
"243",2000,3,241.802260519108,77.1380777857254,159.470169152416
"244",2000,4,398.304522314807,107.799035438815,253.051778876811
"245",2000,5,328.240291810686,101.496877545836,214.868584678261
"246",2000,6,358.503382065859,63.5040178030376,211.003699934448
"247",2000,7,285.33651240173,42.8816065679547,164.109059484842
"248",2000,8,322.207813205506,39.8436327127846,181.025722959145
"249",2000,9,247.127259654834,49.3232072109718,148.225233432903
"250",2000,10,224.433508129996,61.3662621484203,142.899885139208
"251",2000,11,57.0248379472873,22.8444939150271,39.9346659311572
"252",2000,12,12.7711976772145,7.84357695620185,10.3073873167082
"253",2001,1,20.7038757873181,11.2477891965849,15.9758324919515
"254",2001,2,67.342985882446,28.8653154627416,48.1041506725938
"255",2001,3,300.707536501362,81.2926777573115,191.000107129337
"256",2001,4,289.048888949152,98.12461225667,193.586750602911
"257",2001,5,318.887975193487,94.5561956502615,206.722085421874
"258",2001,6,229.328378160452,54.9518503911513,142.140114275802
"259",2001,7,267.005122262754,47.1109787823817,157.058050522568
"260",2001,8,226.54009061418,30.0861724071393,128.31313151066
"261",2001,9,201.242967947169,31.8160644369922,116.529516192081
"262",2001,10,135.992901918264,39.1990907460745,87.5959963321693
"263",2001,11,60.3011380823718,23.7263380388636,42.0137380606177
"264",2001,12,5.07407321836093,5.10841347796675,5.09124334816384
"265",2002,1,15.9566004855189,9.23558362392082,12.5960920547198
"266",2002,2,77.4188588797093,31.3523833042849,54.3856210919971
"267",2002,3,372.997631063635,86.3523358904615,229.674983477048
"268",2002,4,370.231228735003,93.268299155324,231.749763945164
"269",2002,5,273.306210877143,90.8363217684479,182.071266322795
"270",2002,6,321.695112098975,85.0960843342307,203.395598216603
"271",2002,7,275.3177366065,48.3360218997415,161.826879253121
"272",2002,8,256.637359818659,36.2214196715211,146.42938974509
"273",2002,9,244.526247560797,43.1846055510273,143.855426555912
"274",2002,10,152.106592887973,41.0589514212596,96.5827721546164
"275",2002,11,73.665846782793,25.8564119917029,49.7611293872479
"276",2002,12,13.7935669234027,7.71981497495372,10.7566909491782
"277",2003,1,21.1408389841469,10.6196328111283,15.8802358976376
"278",2003,2,62.4694631913406,24.7272911169065,43.5983771541235
"279",2003,3,363.787990730735,92.8750802574242,228.33153549408
"280",2003,4,365.237811006294,99.2695398163684,232.253675411331
"281",2003,5,294.055203780859,91.6994742106549,192.877338995757
"282",2003,6,364.658427612642,67.3696030736911,216.014015343166
"283",2003,7,264.527898537011,39.1073778326557,151.817638184833
"284",2003,8,242.581423915926,31.5934492205404,137.087436568233
"285",2003,9,268.972532140771,35.8377954218255,152.405163781298
"286",2003,10,126.342422697787,41.3889472167702,83.8656849572785
"287",2003,11,67.8407870888509,26.0778210842124,46.9593040865316
"288",2003,12,14.4795311753937,7.78266267115186,11.1310969232728
"289",2004,1,9.54495923861508,6.10303603711843,7.82399763786676
"290",2004,2,51.4546182312698,23.5724487132249,37.5135334722474
"291",2004,3,359.843103160116,86.1183887623649,222.98074596124
"292",2004,4,356.010628625895,109.130044435803,232.570336530849
"293",2004,5,341.20868265022,95.8134681215014,218.511075385861
"294",2004,6,330.097753162499,73.6678257389459,201.882789450722
"295",2004,7,283.568782507839,42.5459193304937,163.057350919166
"296",2004,8,292.774376048095,34.5037519722429,163.639064010169
"297",2004,9,262.101125185556,44.757286613187,153.429205899372
"298",2004,10,167.258650322724,44.4367199175083,105.847685120116
"299",2004,11,58.3373225202635,21.0430427320588,39.6901826261612
"300",2004,12,11.6150571321641,6.99869358757673,9.30687535987039
"301",2005,1,20.5105077050861,10.9037693297101,15.7071385173981
"302",2005,2,101.788486219519,40.7290297829603,71.2587580012397
"303",2005,3,227.523963797778,78.7880196731919,153.155991735485
"304",2005,4,421.74267250015,104.73860693699,263.24063971857
"305",2005,5,333.196398840936,91.449267606773,212.322833223855
"306",2005,6,315.180620702311,71.4999850020377,193.340302852174
"307",2005,7,304.232410645181,42.471064725838,173.35173768551
"308",2005,8,299.623431116658,37.0716169233283,168.347524019993
"309",2005,9,203.954523465517,38.3504642446897,121.152493855103
"310",2005,10,131.083848254072,45.1536127462483,88.1187305001603
"311",2005,11,55.0763714807952,21.2621046225112,38.1692380516532
"312",2005,12,11.9151520565951,7.03969046635588,9.47742126147549
"313",2006,1,22.8627874030277,10.2579058994503,16.560346651239
"314",2006,2,92.9588631631267,34.4489777941834,63.703920478655
"315",2006,3,344.298240958899,80.7009555655271,212.499598262213
"316",2006,4,346.581303017347,73.9306597485375,210.255981382942
"317",2006,5,274.516115027216,62.5919752273735,168.554045127295
"318",2006,6,361.962569573667,54.6649415174673,208.313755545567
"319",2006,7,333.060562815363,38.0547125845592,185.557637699961
"320",2006,8,299.795300885079,31.3169985729888,165.556149729034
"321",2006,9,289.444245629775,39.2185076712017,164.331376650488
"322",2006,10,177.567503382395,42.8159080951412,110.191705738768
"323",2006,11,83.4208672443091,27.9577528803957,55.6893100623524
"324",2006,12,14.3482697409503,7.6751978334873,11.0117337872188
"325",2007,1,13.3739332179973,7.82817726672388,10.6010552423606
"326",2007,2,70.3656160640049,31.8461533572532,51.105884710629
"327",2007,3,302.531605676629,86.8027867153374,194.667196195983
"328",2007,4,387.360627756626,109.740348155627,248.550487956126
"329",2007,5,336.619918618871,99.3595506021181,217.989734610494
"330",2007,6,378.25125975159,73.1904812383607,225.720870494975
"331",2007,7,309.56559220959,43.3528420103978,176.459217109994
"332",2007,8,267.978790947456,37.5625442261314,152.770667586794
"333",2007,9,268.393177466684,38.6939724883505,153.543574977517
"334",2007,10,135.986207702895,38.8110652890437,87.3986364959691
"335",2007,11,109.567000224261,34.2451695492562,71.9060848867587
"336",2007,12,19.6249815406402,9.19177980752215,14.4083806740812
"337",2008,1,14.1282439727196,8.79860291056616,11.4634234416429
"338",2008,2,98.959030509604,39.0901802584407,69.0246053840224
"339",2008,3,212.492755511801,68.7671274647467,140.629941488274
"340",2008,4,441.163746230955,112.116771391076,276.640258811015
"341",2008,5,408.491618406439,114.753882073491,261.622750239965
"342",2008,6,404.409520168665,76.8614945605492,240.635507364607
"343",2008,7,360.620645956247,54.4609071689656,207.540776562606
"344",2008,8,370.817846141827,58.5683090198149,214.693077580821
"345",2008,9,294.424925222898,61.9181766882293,178.171550955564
"346",2008,10,152.916500401901,45.3206501615959,99.1185752817482
"347",2008,11,60.5817408879703,19.775087305376,40.1784140966732
"348",2008,12,14.3840109225222,7.94351733763708,11.1637641300797
"349",2009,1,26.452689603248,12.2014024217944,19.3270460125212
"350",2009,2,79.910346384844,30.6321701682495,55.2712582765468
"351",2009,3,313.848221168485,78.4606644226902,196.154442795587
"352",2009,4,445.344009891932,113.704241525526,279.524125708729
"353",2009,5,354.50801204221,89.6694912610318,222.088751651621
"354",2009,6,286.604647831629,51.5427492740906,169.07369855286
"355",2009,7,330.25301103078,37.1718358184435,183.712423424612
"356",2009,8,291.801461367544,39.0972673522022,165.449364359873
"357",2009,9,318.586394181844,53.1678660885687,185.877130135206
"358",2009,10,149.930439455434,45.0471220185151,97.4887807369747
"359",2009,11,61.7687352784147,23.1521763688596,42.4604558236371
"360",2009,12,16.0162719187594,8.04581884808733,12.0310453834233
"361",2010,1,19.2817179020675,9.49247496868095,14.3870964353742
"362",2010,2,82.9447059751209,32.4032715152875,57.6739887452042
"363",2010,3,255.794384178842,84.7444317941963,170.269407986519
"364",2010,4,409.642876003871,102.543374455068,256.09312522947
"365",2010,5,404.105707103929,89.4232033235127,246.764455213721
"366",2010,6,266.305706596207,65.149660399926,165.727683498067
"367",2010,7,272.760079320726,40.9666557765009,156.863367548613
"368",2010,8,240.137316862795,36.2387285446992,138.188022703747
"369",2010,9,253.231614649771,46.2175501673479,149.724582408559
"370",2010,10,112.055565531043,29.3746492256998,70.7151073783712
"371",2010,11,101.224838205011,31.2965991712145,66.2607186881127
"372",2010,12,18.1351312870866,9.19644620352308,13.6657887453049
"373",2011,1,10.3144300562862,6.8267441532798,8.57058710478302
"374",2011,2,78.449639583361,29.1961140410646,53.8228768122128
"375",2011,3,357.5160728968,87.5439140134979,222.529993455149
"376",2011,4,374.304775275629,85.4226540846294,229.863714680129
"377",2011,5,306.944555727003,72.7346365944699,189.839596160736
"378",2011,6,272.67839213016,39.8627193177366,156.270555723948
"379",2011,7,293.519630457794,33.6179833139062,163.56880688585
"380",2011,8,239.323662291426,30.1909634696911,134.757312880558
"381",2011,9,201.093560617332,31.4398584268514,116.266709522092
"382",2011,10,132.539877302339,36.7863424943659,84.6631098983522
"383",2011,11,51.7252648339966,20.0931332292017,35.9091990315992
"384",2011,12,21.4067022831621,8.57640811436792,14.991555198765
"385",2012,1,22.0553469631157,9.24776583624102,15.6515563996783
"386",2012,2,77.2264018105151,28.3157910606378,52.7710964355765
"387",2012,3,443.782609448391,91.1296014259344,267.456105437163
"388",2012,4,420.86451144952,93.0554384067666,256.959974928143
"389",2012,5,341.961466098566,69.5545695068055,205.758017802686
"390",2012,6,292.328258176739,51.5134095744353,171.920833875587
"391",2012,7,341.32411331931,34.6072965080416,187.965704913676
"392",2012,8,311.636122252737,32.6613725938595,172.148747423298
"393",2012,9,280.230552349001,29.9757505009038,155.103151424952
"394",2012,10,199.29758453706,46.5712213266476,122.934402931854
"395",2012,11,57.8054300159021,24.1179142450135,40.9616721304578
"396",2012,12,17.3399459332757,8.64287238266456,12.9914091579701
"397",2013,1,7.13105916938187,5.65049480612327,6.39077698775257
"398",2013,2,83.6598726206973,34.3134748184187,58.986673719558
"399",2013,3,263.257559347252,74.6271285533397,168.942343950296
"400",2013,4,319.505019652075,109.877460954862,214.691240303468
"401",2013,5,382.865496900906,110.551911156584,246.708704028745
"402",2013,6,313.620701527532,86.1332690744072,199.876985300969
"403",2013,7,280.623916087555,45.8610956267392,163.242505857147
"404",2013,8,267.842030208795,41.5839732354629,154.713001722129
"405",2013,9,260.212877085477,46.18030639825,153.196591741864
"406",2013,10,151.405321319895,48.8978335799797,100.151577449938
"407",2013,11,47.9897633052069,22.1456514456302,35.0677073754185
"408",2013,12,15.2898762065012,7.53233122219413,11.4111037143477
"409",2014,1,21.784094908817,10.3793585238973,16.0817267163571
"410",2014,2,119.80345498706,40.1328963430771,79.9681756650685
"411",2014,3,290.131176671206,78.4772078144982,184.304192242852
"412",2014,4,335.593727968264,103.509418264841,219.551573116553
"413",2014,5,331.584996028205,103.085730579118,217.335363303661
"414",2014,6,317.183088134321,86.316676220753,201.749882177537
"415",2014,7,307.353704540672,56.8485639706636,182.101134255668
"416",2014,8,270.034360653808,42.6904795878085,156.362420120808
"417",2014,9,239.942584652127,42.3978492985313,141.170216975329
"418",2014,10,140.68016425853,45.5878308742289,93.1339975663797
"419",2014,11,74.2285292770118,26.5208871834577,50.3747082302347
"420",2014,12,24.8251215182558,11.2050543556395,18.0150879369477
"421",2015,1,25.0559744766255,10.4171133424972,17.7365439095614
"422",2015,2,101.004870348929,38.6517978546551,69.8283341017918
"423",2015,3,200.988823941766,67.9573613437681,134.473092642767
"424",2015,4,452.527278041607,109.887486502323,281.207382271965
"425",2015,5,352.24912709954,99.4806226924566,225.864874895998
"426",2015,6,448.61260608166,113.222687559002,280.917646820331
"427",2015,7,459.7451427505,88.7637232086498,274.254432979575
"428",2015,8,400.297766160496,55.2329502764801,227.765358218488
"429",2015,9,315.831107523402,46.4283655751301,181.129736549266
"430",2015,10,170.031976518924,42.9690691335841,106.500522826254
"431",2015,11,61.0200852493466,19.2650519736019,40.1425686114742
"432",2015,12,16.8654568961824,7.50191757259357,12.183687234388
"433",2016,1,19.3177966591603,8.44898690132666,13.8833917802435
"434",2016,2,69.7087272124982,26.5814553195699,48.1450912660341
"435",2016,3,473.587653636029,86.9275432577631,280.257598446896
"436",2016,4,473.929000908848,97.1509112943536,285.539956101601
"437",2016,5,288.515131503343,75.5287037897151,182.021917646529
"438",2016,6,395.221808782201,61.4040683149543,228.312938548577
"439",2016,7,338.934412407576,36.584415582268,187.759413994922
"440",2016,8,320.984103880123,36.1651300824157,178.574616981269
"441",2016,9,273.718281724375,47.4323022823224,160.575292003349
"442",2016,10,151.549195184977,42.5675565655559,97.0583758752664
"443",2016,11,62.5329660250528,23.5105581358211,43.021762080437
"444",2016,12,14.9365501729497,7.41458938048857,11.1755697767191
"445",2017,1,21.0126715808683,9.59272778693929,15.3026996839038
"446",2017,2,90.0521942225268,29.7459313243229,59.8990627734249
"447",2017,3,419.607833289931,93.3150061489876,256.461419719459
"448",2017,4,371.770411177547,107.038935693584,239.404673435566
"449",2017,5,283.306253744907,70.7192307839381,177.012742264423
"450",2017,6,245.390626602763,35.7988174853766,140.59472204407
"451",2017,7,291.105035947232,32.0933010955134,161.599168521373
"452",2017,8,292.922381648989,32.5747819941383,162.748581821564
"453",2017,9,220.540371131136,33.2416989794401,126.891035055288
"454",2017,10,169.949259716867,45.2839959323989,107.616627824633
"455",2017,11,71.2675164063915,26.7295779772271,48.9985471918093
"456",2017,12,17.6840965640377,8.75932106583114,13.2217088149344
"457",2018,1,14.6995193556215,7.34490874892672,11.0222140522741
"458",2018,2,78.0810750343915,33.6656038896357,55.8733394620136
"459",2018,3,239.655397762558,73.5532639866179,156.604330874588
"460",2018,4,406.981062131618,97.612699433829,252.296880782723
"461",2018,5,354.782463092916,95.4307681798955,225.106615636406
"462",2018,6,323.855124665832,69.1498500518838,196.502487358858
"463",2018,7,355.837152727963,51.915346371277,203.87624954962
"464",2018,8,290.533398832497,41.4222038858499,165.977801359173
"465",2018,9,274.630200612912,37.7108364964929,156.170518554702
"466",2018,10,147.376520682118,35.9109453132379,91.6437329976778
"467",2018,11,72.0347597557752,28.3879240021382,50.2113418789567
"468",2018,12,9.74094932606021,6.77361830409686,8.25728381507854
"469",2019,1,13.196541916056,9.19710841619827,11.1968251661271
"470",2019,2,69.3189743464706,30.4484332168464,49.8837037816585
"471",2019,3,206.701544136768,72.763712626938,139.732628381853
"472",2019,4,544.401637799124,117.785356992013,331.093497395568
"473",2019,5,397.981686476907,99.2828102024973,248.632248339702
"474",2019,6,402.380405299772,89.5012875950584,245.940846447415
"475",2019,7,382.120230613056,51.1186572284957,216.619443920776
"476",2019,8,298.766053012446,37.3225771256289,168.044315069038
"477",2019,9,262.849911386966,50.6745024039053,156.762206895436
"478",2019,10,163.76404283279,46.7661989734054,105.265120903098
"479",2019,11,95.305135244295,30.4438718262782,62.8745035352866
"480",2019,12,11.2133397122,6.04894314837979,8.63114143028991
"481",2020,1,21.1514055525682,10.4478022992331,15.7996039259006
"482",2020,2,89.2817519234505,35.8494138378749,62.5655828806627
"483",2020,3,326.616820787037,93.1638159633641,209.8903183752
"484",2020,4,346.90389324775,84.3933229601081,215.648608103929
"485",2020,5,312.203729183605,79.6084930834288,195.906111133517
"486",2020,6,383.938237808934,61.5471299887338,222.742683898834
"487",2020,7,410.525765516288,34.3517516136867,222.438758564988
"488",2020,8,347.780763062565,34.3079443203243,191.044353691445
"489",2020,9,407.830243813714,31.6128633191956,219.721553566455
"490",2020,10,240.973851020334,45.674785981799,143.324318501066
"491",2020,11,96.2377476690052,30.7725368643378,63.5051422666715
"492",2020,12,7.94562687302532,5.48923233074887,6.71742960188709
"493",2021,1,15.6079197314858,9.83070299971482,12.7193113656003
"494",2021,2,75.7884881541334,31.4205306061742,53.6045093801538
"495",2021,3,210.074019611395,67.9425833833309,139.008301497363
"496",2021,4,417.840600380137,103.991804818578,260.916202599358
"497",2021,5,259.750502380348,87.8203999803136,173.785451180331
"498",2021,6,234.947356858688,57.4595922806069,146.203474569647
"499",2021,7,235.727572188726,33.8739843228529,134.80077825579
"500",2021,8,230.500181803973,39.4460718654551,134.973126834714
"501",2021,9,224.280328776934,50.1572890259,137.218808901417
"502",2021,10,190.861651975579,58.4775860848042,124.669619030192
"503",2021,11,62.907972542463,27.9482027426214,45.4280876425422
"504",2021,12,6.85578490635714,5.1613673232165,6.00857611478682
"505",2022,1,12.0906122920033,8.67090356516243,10.3807579285828
"506",2022,2,83.5997495779963,34.2957034110477,58.947726494522
"507",2022,3,240.199638917909,70.0023776528438,155.101008285376
"508",2022,4,342.397275858349,102.526620220356,222.461948039353
"509",2022,5,300.555219963037,90.4442425390085,195.499731251023
"510",2022,6,287.520611029885,76.2806604284116,181.900635729148
"511",2022,7,299.583745547537,49.7799181190012,174.681831833269
"512",2022,8,257.471328952434,34.8833529329902,146.177340942712
"513",2022,9,203.058334375517,39.3285147705788,121.193424573048
"514",2022,10,181.965336951405,46.1566685659068,114.061002758656
"515",2022,11,75.9103978793102,26.7808522287065,51.3456250540083
"516",2022,12,17.2915655864278,8.30980591112731,12.8006857487776
"517",2023,1,22.8328393794569,9.74697909821905,16.289909238838
"518",2023,2,130.652374451394,43.701509096997,87.1769417741957
"519",2023,3,310.311754552346,88.2123852576474,199.262069904997
"520",2023,4,438.507870789143,109.970867525278,274.239369157211
"521",2023,5,406.864131092377,103.041165186445,254.952648139411
"522",2023,6,338.479783970951,76.633507508411,207.556645739681
"523",2023,7,322.996479135936,55.444196288214,189.220337712075
"524",2023,8,286.825361490464,40.714388972259,163.769875231361
"525",2023,9,300.852644768136,53.8439981430892,177.348321455612
"526",2023,10,222.959641691923,53.6106212221927,138.285131457058
"527",2023,11,90.1127993673823,27.0159186283096,58.564358997846
"528",2023,12,16.0362254243859,7.29555862736732,11.6658920258766
"529",2024,1,11.3242056929104,6.04645704859438,8.68533137075237
"530",2024,2,91.9325156543026,33.5489488256405,62.7407322399716
"531",2024,3,331.829772492549,87.018023989966,209.423898241257
"532",2024,4,418.226702796721,115.377818095902,266.802260446311
"533",2024,5,447.951385460649,105.602690522622,276.777037991635
"534",2024,6,473.053492445501,96.9059142303378,284.979703337919
"535",2024,7,384.905793144224,70.4717936071747,227.688793375699
"536",2024,8,321.479864323402,47.3579344744989,184.41889939895
"537",2024,9,312.674941230576,46.520555159679,179.597748195128
"538",2024,10,163.465196243873,45.4319063732639,104.448551308569
"539",2024,11,62.6317719477269,23.0431226106285,42.8374472791777
"540",2024,12,10.4092281076362,7.0000985876741,8.70466334765515
"541",2025,1,21.060630761761,10.6511914081079,15.8559110849344
"542",2025,2,83.4569551498833,32.6694301792788,58.0631926645811
"543",2025,3,371.746538552431,76.3956618374397,224.071100194935
"544",2025,4,452.019259044114,119.10247196258,285.560865503347
"545",2025,5,423.210399548882,99.8091311654418,261.509765357162
"546",2025,6,409.509729437286,75.4921226376933,242.50092603749
"547",2025,7,278.60962200694,50.9693731468068,164.789497576874
"548",2025,8,324.484305711458,40.9035844138301,182.693945062644
"549",2025,9,237.55506657408,50.0119837603813,143.783525167231
"550",2025,10,148.229014435948,45.4266488332668,96.8278316346072
"551",2025,11,63.1181325056513,23.6664701557798,43.3923013307155
"552",2025,12,10.9400053358774,5.98565855755285,8.46283194671514
"553",2026,1,22.36226443589,9.5138930674681,15.9380787516791
"554",2026,2,176.331548601988,56.6219987237244,116.476773662856
"555",2026,3,339.186622054898,95.4239147017425,217.30526837832
"556",2026,4,438.414860237058,114.355857552646,276.385358894852
"557",2026,5,303.344162743413,107.087624520264,205.215893631838
"558",2026,6,304.785306570815,72.212809185131,188.499057877973
"559",2026,7,301.830919249369,43.7235920482335,172.777255648801
"560",2026,8,307.705292436066,35.6131256457724,171.659209040919
"561",2026,9,235.563300168848,36.7702330456674,136.166766607258
"562",2026,10,203.483381917166,46.5157990055953,124.999590461381
"563",2026,11,63.489946116669,20.6348475219853,42.0623968193272
"564",2026,12,15.9021575200664,7.70147756407501,11.8018175420707
"565",2027,1,16.4193144598336,8.41951355420155,12.4194140070176
"566",2027,2,104.099968517957,34.4391476235327,69.2695580707449
"567",2027,3,361.025864965223,88.0349410253943,224.530402995309
"568",2027,4,338.425463443704,93.7484056483019,216.086934546003
"569",2027,5,337.03413146174,65.8842937605215,201.459212611131
"570",2027,6,299.983150276813,39.1920665607526,169.587608418783
"571",2027,7,281.976766555165,33.5494466607497,157.763106607957
"572",2027,8,313.025690578779,30.9321656512833,171.978928115031
"573",2027,9,266.154127648522,36.2026311213812,151.178379384952
"574",2027,10,181.232895638056,40.6391191810125,110.936007409534
"575",2027,11,72.1993741914783,22.460973441327,47.3301738164026
"576",2027,12,18.7852370390469,8.44673419016903,13.615985614608
"577",2028,1,21.7723768184166,9.15160983990785,15.4619933291622
"578",2028,2,83.9124180810781,29.7631371076971,56.8377775943876
"579",2028,3,489.044493950829,97.3472208171671,293.195857383998
"580",2028,4,375.331736244926,100.327632926325,237.829684585626
"581",2028,5,362.526500955098,108.506985877506,235.516743416302
"582",2028,6,382.301380841905,76.576588891606,229.438984866756
"583",2028,7,285.573030270633,44.3358034644469,164.95441686754
"584",2028,8,301.190447955487,39.9793617751424,170.584904865314
"585",2028,9,341.595489721454,47.1437968108478,194.369643266151
"586",2028,10,181.907594488906,40.8956604970366,111.401627492971
"587",2028,11,64.8455759325684,22.278416436789,43.5619961846787
"588",2028,12,11.4561479608718,6.46012370528046,8.95813583307615
"589",2029,1,33.2677492691177,11.9469023110047,22.6073257900612
"590",2029,2,100.448681693023,33.2243311005236,66.8365063967733
"591",2029,3,487.009963417059,88.0441505457752,287.527056981417
"592",2029,4,381.31249390357,91.9839718066198,236.648232855095
"593",2029,5,321.087707409186,60.8416443351646,190.964675872175
"594",2029,6,289.194823222165,38.0540137081477,163.624418465156
"595",2029,7,346.259504692329,33.3417559170368,189.800630304683
"596",2029,8,358.613273176634,37.1576866548629,197.885479915749
"597",2029,9,265.438332404026,41.7949103968953,153.616621400461
"598",2029,10,266.976102568877,54.9826128963107,160.979357732594
"599",2029,11,98.5011789094421,30.0410155063706,64.2710972079063
"600",2029,12,14.7979822638847,6.76391057977679,10.7809464218308
"601",2030,1,29.1652953133267,11.6245439704835,20.3949196419051
"602",2030,2,62.1777888236712,24.6616884682647,43.419738645968
"603",2030,3,330.690769587438,85.7858738003936,208.238321693916
"604",2030,4,360.291618744567,106.031987264461,233.161803004514
"605",2030,5,354.713796446405,77.8735944131187,216.293695429762
"606",2030,6,327.471148108542,40.7615453590925,184.116346733817
"607",2030,7,296.695496192451,28.9391370061401,162.817316599295
"608",2030,8,315.399122991088,31.7022674620156,173.550695226552
"609",2030,9,272.525996722009,44.2870222983961,158.406509510203
"610",2030,10,227.3417774642,57.6822914743007,142.51203446925
"611",2030,11,100.491486773812,31.3764312010464,65.9339589874292
"612",2030,12,12.64361692796,5.85472278556355,9.24916985676177
"613",2031,1,11.1907762014082,6.37936054877574,8.78506837509198
"614",2031,2,59.6210795092064,24.1867237903875,41.9039016497969
"615",2031,3,425.335634486538,95.8320441802883,260.583839333413
"616",2031,4,371.926338269084,100.060209584586,235.993273926835
"617",2031,5,308.035259375868,54.6414940146085,181.338376695238
"618",2031,6,297.543798636599,42.1723394349939,169.858069035797
"619",2031,7,282.269248211508,32.4457974737327,157.35752284262
"620",2031,8,328.742987529107,27.3324668240254,178.037727176566
"621",2031,9,268.954219309172,33.7146938606206,151.334456584896
"622",2031,10,155.54687279491,43.3449483454712,99.4459105701907
"623",2031,11,81.1738432331498,30.0703059545978,55.6220745938738
"624",2031,12,12.6870310060384,6.91169816173431,9.79936458388634
"625",2032,1,29.1062953196158,11.3337309988424,20.2200131592291
"626",2032,2,112.228683202105,38.6033903275381,75.4160367648214
"627",2032,3,308.396685123849,83.6529933345431,196.024839229196
"628",2032,4,383.565007981706,87.3636086419099,235.464308311808
"629",2032,5,336.477065861898,68.1764890976894,202.326777479794
"630",2032,6,356.466037574652,54.9204131700806,205.693225372366
"631",2032,7,344.690573727528,48.9975577974032,196.844065762465
"632",2032,8,352.143244510688,37.4122261458359,194.777735328262
"633",2032,9,287.685488398866,50.6337502383139,169.15961931859
"634",2032,10,186.514049083641,38.4848197485957,112.499434416118
"635",2032,11,88.0993961061655,29.0841569579458,58.5917765320557
"636",2032,12,16.6435482281024,7.83459993961626,12.2390740838593
"637",2033,1,17.8883941750848,8.49196559862636,13.1901798868556
"638",2033,2,118.850998332527,41.6401252392399,80.2455617858832
"639",2033,3,464.356529179506,86.9821401678463,275.669334673676
"640",2033,4,385.128253863995,99.4823798447419,242.305316854369
"641",2033,5,401.179907054179,81.9680151895924,241.573961121886
"642",2033,6,357.817927939755,50.2786528089726,204.048290374364
"643",2033,7,328.247996980287,32.6827244831545,180.465360731721
"644",2033,8,308.700521232769,31.3495586293196,170.025039931044
"645",2033,9,286.52789391679,40.3566227210446,163.442258318917
"646",2033,10,165.891628822418,44.9059819319787,105.398805377198
"647",2033,11,90.4627471933815,29.1840237890666,59.8233854912241
"648",2033,12,7.18339614740152,5.03042038923656,6.10690826831904
"649",2034,1,25.0028193023125,12.2478387791186,18.6253290407155
"650",2034,2,91.3673218583783,36.3812382272981,63.8742800428382
"651",2034,3,385.116813860968,74.6818484734755,229.899331167222
"652",2034,4,394.933884748827,113.169578235624,254.051731492225
"653",2034,5,344.823691259644,88.8735893611212,216.848640310383
"654",2034,6,375.615312065005,77.2531922751279,226.434252170066
"655",2034,7,374.991450017544,50.484532328325,212.737991172934
"656",2034,8,308.921021076897,36.8193354241544,172.870178250526
"657",2034,9,266.545274896683,41.1295415613408,153.837408229012
"658",2034,10,189.474539883036,50.6472025136783,120.060871198357
"659",2034,11,88.1437179619202,28.7456461058031,58.4446820338617
"660",2034,12,18.0885440137157,8.29271160819656,13.1906278109562
"661",2035,1,21.7183561746027,11.2128291492301,16.4655926619164
"662",2035,2,104.603812405247,38.6605142138023,71.6321633095246
"663",2035,3,278.52569142853,87.5507147074928,183.038203068011
"664",2035,4,521.144357452533,110.339771260072,315.742064356302
"665",2035,5,364.026769640614,105.035083926792,234.530926783703
"666",2035,6,364.514955805624,94.3099600530449,229.412457929334
"667",2035,7,285.781438633036,51.5713850781097,168.676411855573
"668",2035,8,241.015610629336,47.5118693820721,144.263740005704
"669",2035,9,266.106478683902,47.8584292686393,156.982453976271
"670",2035,10,140.644526281946,35.2227931891741,87.93365973556
"671",2035,11,63.6932706566314,22.1728661634174,42.9330684100244
"672",2035,12,11.3737665045695,6.53181885336866,8.95279267896909
"673",2036,1,20.4094627868406,9.88305843912934,15.146260612985
"674",2036,2,118.782050696232,41.5256097518055,80.1538302240188
"675",2036,3,284.23316758362,78.8420346093938,181.537601096507
"676",2036,4,334.362592625457,85.691165666694,210.026879146075
"677",2036,5,316.981267973966,70.3895667329575,193.685417353462
"678",2036,6,314.420188596985,50.2521642257973,182.336176411391
"679",2036,7,296.449105796687,36.6419575073854,166.545531652036
"680",2036,8,300.994722398477,27.5165123434867,164.255617370982
"681",2036,9,260.185383073963,36.6545785071618,148.419980790562
"682",2036,10,169.400796484021,37.1747555612695,103.287776022645
"683",2036,11,98.8402939691163,29.9963098395047,64.4183019043105
"684",2036,12,15.2921325689648,7.23060714764654,11.2613698583057
"685",2037,1,12.1932858276619,6.65617732342729,9.42473157554458
"686",2037,2,74.5580113300795,29.0012195981832,51.7796154641313
"687",2037,3,434.352757293038,80.7160650673181,257.534411180178
"688",2037,4,457.27467098854,100.509021824796,278.891846406668
"689",2037,5,353.726256712031,87.6749305161141,220.700593614072
"690",2037,6,331.613426029432,61.9214560047334,196.767441017083
"691",2037,7,284.20980188365,43.3427393087065,163.776270596178
"692",2037,8,310.930562723648,42.0691731150678,176.499867919358
"693",2037,9,316.994857152626,35.5545919487016,176.274724550664
"694",2037,10,163.278884672344,36.1127941681093,99.6958394202268
"695",2037,11,100.390122368971,29.693221530671,65.0416719498212
"696",2037,12,18.3490591543356,7.45810265662208,12.9035809054789
"697",2038,1,30.4848226736503,12.4760575793605,21.4804401265054
"698",2038,2,99.5892505170817,38.1922371693985,68.8907438432401
"699",2038,3,359.270806979721,92.1185996928094,225.694703336265
"700",2038,4,400.158953130728,108.31074965245,254.234851391589
"701",2038,5,348.157617693479,98.3091958026067,223.233406748043
"702",2038,6,378.714419742138,65.65611951916,222.185269630649
"703",2038,7,282.571128563785,42.9762977604466,162.773713162116
"704",2038,8,307.99171591932,39.9660854239824,173.978900671651
"705",2038,9,310.827660790574,36.5138550700276,173.670757930301
"706",2038,10,169.191964000433,51.5180948927541,110.355029446594
"707",2038,11,76.992839015151,29.4850722881407,53.2389556516459
"708",2038,12,16.363414016104,9.08198452631532,12.7226992712097
"709",2039,1,17.0162031429283,9.9802098436221,13.4982064932752
"710",2039,2,80.3502606617526,32.501112279225,56.4256864704888
"711",2039,3,273.988939973476,80.5057220974521,177.247331035464
"712",2039,4,495.484181031359,118.877146280027,307.180663655693
"713",2039,5,355.61485981423,79.9041699444531,217.759514879341
"714",2039,6,303.983781582144,47.3898293264987,175.686805454321
"715",2039,7,304.245254316942,29.0341764079066,166.639715362424
"716",2039,8,283.598427813268,27.8882239752945,155.743325894281
"717",2039,9,256.068203380321,37.8017627643783,146.93498307235
"718",2039,10,179.062386538824,56.2806933261229,117.671539932474
"719",2039,11,74.6534391673144,26.383107802256,50.5182734847852
"720",2039,12,15.218806472672,8.80665583076532,12.0127311517187
"721",2040,1,19.8199499597011,9.82117055836311,14.8205602590321
"722",2040,2,87.735673595854,31.7654774293595,59.7505755126067
"723",2040,3,283.974189460821,75.8999422456675,179.937065853244
"724",2040,4,527.634492935361,106.303079437669,316.968786186515
"725",2040,5,396.49816783045,75.1177186579889,235.80794324422
"726",2040,6,337.08653954864,59.066146681284,198.076343114962
"727",2040,7,296.626519814829,43.6774710298483,170.151995422339
"728",2040,8,334.314503820783,47.7206337678348,191.017568794309
"729",2040,9,286.626319907125,48.9126586738188,167.769489290472
"730",2040,10,219.24824258724,54.6134176537147,136.930830120477
"731",2040,11,95.3791119004404,29.470321725347,62.4247168128937
"732",2040,12,11.2185453304385,5.5564717840609,8.38750855724971
"733",2041,1,18.3372934841569,8.97235378491787,13.6548236345374
"734",2041,2,107.71400002656,37.3787379205725,72.5463689735661
"735",2041,3,376.283993127148,90.4005753199929,233.34228422357
"736",2041,4,493.080413433024,126.900612252236,309.99051284263
"737",2041,5,406.981447069712,97.9731611939025,252.477304131807
"738",2041,6,348.067865871358,54.4119293156937,201.239897593526
"739",2041,7,355.762324320016,37.3645108471852,196.563417583601
"740",2041,8,355.293623982943,33.1606735994586,194.227148791201
"741",2041,9,269.215206112712,29.5827733618349,149.398989737273
"742",2041,10,177.468670056925,37.2025961504197,107.335633103673
"743",2041,11,65.6292917071383,22.5324907680721,44.0808912376052
"744",2041,12,10.6616956661923,5.95047870817424,8.30608718718329
"745",2042,1,35.7895962827975,12.8611199154765,24.325358099137
"746",2042,2,102.388636068784,35.4969764903057,68.9428062795449
"747",2042,3,257.836229273477,79.7206800151557,168.778454644316
"748",2042,4,437.527141467866,114.226148900221,275.876645184044
"749",2042,5,359.233033045264,87.4601928390088,223.346612942136
"750",2042,6,340.305589858713,56.5360343713818,198.420812115047
"751",2042,7,301.073015138454,37.6176942250889,169.345354681771
"752",2042,8,295.22511865914,39.8086285295875,167.516873594364
"753",2042,9,357.785432450937,49.9144335247706,203.849932987854
"754",2042,10,268.464921199706,71.1078247490187,169.786372974362
"755",2042,11,94.5530525896673,34.6491061673604,64.6010793785138
"756",2042,12,10.828386794538,6.73270874660367,8.78054777057084
"757",2043,1,16.8686377926465,8.32034953274892,12.5944936626977
"758",2043,2,105.864448923016,39.675566829098,72.7700078760569
"759",2043,3,401.433344701716,83.2894265203668,242.361385611041
"760",2043,4,388.653354296039,110.548847881278,249.601101088659
"761",2043,5,404.595663026148,96.214543056313,250.405103041231
"762",2043,6,337.143788550954,49.9026479136332,193.523218232294
"763",2043,7,337.457286754354,35.14898047124,186.303133612797
"764",2043,8,312.396610396758,36.9625459080454,174.679578152402
"765",2043,9,285.84495565676,42.1355838409537,163.990269748857
"766",2043,10,230.159840684909,63.1565657066526,146.658203195781
"767",2043,11,76.618957583566,25.9673375803678,51.2931475819669
"768",2043,12,23.2671020956607,10.1517944568851,16.7094482762729
"769",2044,1,23.1289291836937,9.76711340324451,16.4480212934691
"770",2044,2,117.491899485588,38.776115212107,78.1340073488476
"771",2044,3,373.797338663697,89.3246868669097,231.561012765303
"772",2044,4,401.264482766783,101.451624074804,251.358053420793
"773",2044,5,446.727571414664,106.455852295475,276.591711855069
"774",2044,6,395.179472148587,88.0512476320448,241.615359890316
"775",2044,7,298.502404306722,57.6828695833508,178.092636945037
"776",2044,8,331.844893377863,45.8816337521937,188.863263565028
"777",2044,9,300.914132540047,40.9014249512693,170.907778745658
"778",2044,10,173.527075534712,46.7397309402572,110.133403237484
"779",2044,11,73.155601480605,24.6505530714056,48.9030772760053
"780",2044,12,22.985954238765,9.17828218953108,16.082118214148
"781",2045,1,16.078619298611,7.86183351760597,11.9702264081085
"782",2045,2,99.7628776651597,32.5908691779417,66.1768734215507
"783",2045,3,471.978892044991,100.298113286549,286.13850266577
"784",2045,4,429.511950278238,92.380173824411,260.946062051324
"785",2045,5,359.896682259573,66.9288367489113,213.412759504242
"786",2045,6,407.762848725002,48.0319862207316,227.897417472867
"787",2045,7,382.516700382131,37.3405828880817,209.928641635106
"788",2045,8,352.586114553182,47.7787750874725,200.182444820327
"789",2045,9,281.024560014092,53.412870158276,167.218715086184
"790",2045,10,182.006778799063,57.0044807270406,119.505629763052
"791",2045,11,83.1826872419465,29.9215525399066,56.5521198909265
"792",2045,12,10.2867093568468,6.32418710051521,8.305448228681
"793",2046,1,14.0566645601956,8.24624317798639,11.151453869091
"794",2046,2,107.271106653864,34.4469753285333,70.8590409911985
"795",2046,3,354.07449913251,86.61190868471,220.34320390861
"796",2046,4,382.391206500569,110.445705675035,246.418456087802
"797",2046,5,363.128863455387,90.1303101601118,226.629586807749
"798",2046,6,293.244068269064,52.0754335377903,172.659750903427
"799",2046,7,292.003635162086,34.3528070098729,163.17822108598
"800",2046,8,269.976116797009,34.9116286584824,152.443872727745
"801",2046,9,311.349261358197,38.8414275555847,175.095344456891
"802",2046,10,179.450865400245,40.930250987662,110.190558193953
"803",2046,11,78.3284063177344,26.9377431087241,52.6330747132292
"804",2046,12,14.4713487369582,7.22312530921912,10.8472370230887
"805",2047,1,17.5702528994822,8.10121429911852,12.8357335993004
"806",2047,2,117.246246776193,39.8077294457514,78.526988110972
"807",2047,3,319.207269283945,87.5453902269252,203.376329755435
"808",2047,4,422.255370005011,92.0855753747337,257.170472689872
"809",2047,5,366.72043747358,67.2688520472234,216.994644760402
"810",2047,6,373.055762188599,51.5524294849286,212.304095836764
"811",2047,7,327.01068079099,36.0209912611899,181.51583602609
"812",2047,8,337.598702896961,32.4646012010682,185.031652049014
"813",2047,9,306.462152101259,51.6689670532268,179.065559577243
"814",2047,10,197.165667322233,51.4115395067418,124.288603414487
"815",2047,11,74.5557573604418,26.0911351905657,50.3234462755037
"816",2047,12,17.166117294005,7.72316229953939,12.4446397967722
"817",2048,1,28.216335864541,11.2502188079637,19.7332773362523
"818",2048,2,136.109137783577,43.6102821193383,89.8597099514575
"819",2048,3,634.232148815022,87.3026620848199,360.767405449921
"820",2048,4,351.481606757862,83.3046194043735,217.393113081118
"821",2048,5,379.129883775196,76.1888619773599,227.659372876278
"822",2048,6,322.053367515875,40.1377637834014,181.095565649638
"823",2048,7,337.18176152719,35.6868197958534,186.434290661522
"824",2048,8,414.447876013231,34.9860871667505,224.716981589991
"825",2048,9,308.350791551469,43.7677856219381,176.059288586703
"826",2048,10,198.025138001832,46.4869129106916,122.256025456262
"827",2048,11,90.1610585980286,29.407717995111,59.7843882965698
"828",2048,12,14.9618339100621,6.80850643387026,10.8851701719662
"829",2049,1,15.2330143753871,7.82134923180659,11.5271818035968
"830",2049,2,98.0327518340248,35.4548064842998,66.7437791591623
"831",2049,3,391.353347061756,96.5463216407041,243.94983435123
"832",2049,4,433.15101248979,100.379953508586,266.765482999188
"833",2049,5,317.589130308012,77.1062559776531,197.347693142833
"834",2049,6,278.605665041631,48.5261059611695,163.5658855014
"835",2049,7,266.068537366161,31.3712129968017,148.719875181481
"836",2049,8,274.853931305554,27.6144294694431,151.234180387499
"837",2049,9,262.617122011288,32.7394753076565,147.678298659472
"838",2049,10,206.880179518205,47.2657389536932,127.072959235949
"839",2049,11,64.6521748165829,25.370461549212,45.0113181828974
"840",2049,12,9.65031478809451,6.43532057488196,8.04281768148823
"841",2050,1,21.8605878841933,9.82459523902217,15.8425915616077
"842",2050,2,113.773348318222,38.3057126201654,76.0395304691937
"843",2050,3,282.174168400416,81.7176403129354,181.945904356676
"844",2050,4,366.096293338737,93.6917504146476,229.894021876692
"845",2050,5,314.301867431818,79.6907257526453,196.996296592232
"846",2050,6,288.215293593784,56.1065604858607,172.160927039822
"847",2050,7,294.542842888197,42.2332594395903,168.388051163893
"848",2050,8,320.381314039617,37.0356519248163,178.708482982217
"849",2050,9,260.994384878393,40.5660438055197,150.780214341957
"850",2050,10,164.351684700751,44.9976602116351,104.674672456193
"851",2050,11,80.6473764808906,28.7049975069141,54.6761869939023
"852",2050,12,19.2174408626889,8.01056209708008,13.6140014798845
"853",2051,1,21.4224025694828,9.09695137496256,15.2596769722227
"854",2051,2,161.317724892153,49.1959515760194,105.256838234086
"855",2051,3,371.434997877018,88.8380983735106,230.136548125264
"856",2051,4,385.560388405623,90.8689026720723,238.214645538847
"857",2051,5,315.117227636846,61.7329528228687,188.425090229857
"858",2051,6,293.038148329337,49.2701876782349,171.154168003786
"859",2051,7,297.022165672898,35.756376199326,166.389270936112
"860",2051,8,286.499830520519,32.3958420285065,159.447836274513
"861",2051,9,333.306407473147,38.909356168399,186.107881820773
"862",2051,10,170.409326163139,40.3109427502847,105.360134456712
"863",2051,11,72.7439327363249,24.9827809358194,48.8633568360722
"864",2051,12,10.4548961156314,6.2199565643646,8.337426339998
"865",2052,1,13.5497618015622,8.25587727015989,10.902819535861
"866",2052,2,114.748725650973,38.8459975687666,76.7973616098696
"867",2052,3,308.202907175294,88.5890881772027,198.395997676248
"868",2052,4,357.270500507879,107.691639803946,232.481070155913
"869",2052,5,263.009153741193,72.7931502984083,167.901152019801
"870",2052,6,232.051690369027,57.2244259922905,144.638058180659
"871",2052,7,222.664554364603,39.7276517343328,131.196103049468
"872",2052,8,305.718919913703,33.4818745758232,169.600397244763
"873",2052,9,271.455124913817,31.3606058044378,151.407865359127
"874",2052,10,185.042856948478,40.1129693933222,112.5779131709
"875",2052,11,80.2968272617425,28.5336505210225,54.4152388913825
"876",2052,12,22.0077982609878,9.41549446757499,15.7116463642814
"877",2053,1,22.8771521684514,10.2967199443337,16.5869360563925
"878",2053,2,89.8497789815099,31.4373870770178,60.6435830292639
"879",2053,3,463.742622888477,93.377150267011,278.559886577744
"880",2053,4,442.857495692886,82.2893591143946,262.57342740364
"881",2053,5,323.59915013703,49.6042885633204,186.601719350175
"882",2053,6,337.22691648561,41.3751622441318,189.301039364871
"883",2053,7,363.415333105897,33.6629202465774,198.539126676237
"884",2053,8,388.152242757388,32.4480745678451,210.300158662617
"885",2053,9,338.388150226196,38.7657798539476,188.576965040072
"886",2053,10,228.607849125082,41.7808848114679,135.194366968275
"887",2053,11,114.260273906656,31.5701703030169,72.9152221048364
"888",2053,12,30.5167441342314,10.0903046462304,20.3035243902309
"889",2054,1,20.5116235221572,9.31162745978372,14.9116254909705
"890",2054,2,127.850146375587,39.8320790843722,83.8411127299795
"891",2054,3,437.916898170966,102.390374142949,270.153636156957
"892",2054,4,401.135994636015,101.641173654742,251.388584145378
"893",2054,5,405.185076457933,79.8342835270399,242.509679992486
"894",2054,6,402.890214661265,54.7356053493028,228.812910005284
"895",2054,7,414.948183675985,33.0313543031196,223.989768989552
"896",2054,8,379.305957403123,35.5020743560147,207.404015879569
"897",2054,9,256.815090385871,41.4760492232965,149.145569804584
"898",2054,10,216.104229743331,55.6283705614465,135.866300152389
"899",2054,11,127.78413327547,38.4723916598824,83.1282624676763
"900",2054,12,12.7118932384853,7.93287028704845,10.3223817627669
"901",2055,1,16.7854329861546,9.34006669193431,13.0627498390444
"902",2055,2,78.3017316106319,26.866156938118,52.5839442743749
"903",2055,3,271.272345800929,77.7946865729402,174.533516186935
"904",2055,4,388.306976940547,110.204280983499,249.255628962023
"905",2055,5,319.213110401466,89.1642495220781,204.188679961772
"906",2055,6,335.983198280648,60.1570898662083,198.070144073428
"907",2055,7,346.152646759235,40.5551894998395,193.353918129537
"908",2055,8,286.830917085636,33.7729038182214,160.301910451929
"909",2055,9,330.742306153732,44.6775709494429,187.709938551587
"910",2055,10,170.608770650763,37.21869660193,103.913733626347
"911",2055,11,87.3685996313211,28.8434606736808,58.106030152501
"912",2055,12,18.9458882390462,8.00920435989576,13.477546299471
"913",2056,1,19.7577084659457,8.56434587072731,14.1610271683365
"914",2056,2,141.986726518975,44.5656002115929,93.2761633652838
"915",2056,3,549.137166990533,107.697386586088,328.417276788311
"916",2056,4,390.657094480699,97.7094716677231,244.183283074211
"917",2056,5,367.925492648931,73.0363701032987,220.480931376115
"918",2056,6,312.786737282021,42.3556111871932,177.571174234607
"919",2056,7,360.018999130627,34.3978412003064,197.208420165467
"920",2056,8,357.69360081936,35.1372728700914,196.415436844726
"921",2056,9,269.472748403344,39.0570197427978,154.264884073071
"922",2056,10,169.125061563309,46.2662731996323,107.695667381471
"923",2056,11,76.0912984529855,25.8531048872722,50.9722016701289
"924",2056,12,22.4137705295776,9.50646617394311,15.9601183517604
"925",2057,1,31.2082891158843,12.6569134364011,21.9326012761427
"926",2057,2,128.583929374917,40.6985120295098,84.6412207022133
"927",2057,3,505.125651393384,90.1543710832365,297.64001123831
"928",2057,4,388.554388174311,86.7284797087746,237.641433941543
"929",2057,5,318.395017315521,65.5117341726867,191.953375744104
"930",2057,6,389.2643031071,54.9679792551384,222.116141181119
"931",2057,7,343.340202110044,37.5372911697395,190.438746639892
"932",2057,8,384.258802449719,33.019169549427,208.638985999573
"933",2057,9,340.801214604706,35.6784647233512,188.239839664029
"934",2057,10,182.849024703976,42.1045553429315,112.476790023454
"935",2057,11,75.9831662974167,24.6212082562496,50.3021872768331
"936",2057,12,18.792623029989,7.91707630455403,13.3548496672715
"937",2058,1,19.2338381841187,8.97837763034072,14.1061079072297
"938",2058,2,176.674413291686,53.7188873354645,115.196650313575
"939",2058,3,341.988472465329,97.6150610775982,219.801766771463
"940",2058,4,496.472225516321,90.9846647423826,293.728445129352
"941",2058,5,420.49104862758,55.8745114856293,238.182780056605
"942",2058,6,437.40116587383,39.6766110929775,238.538888483404
"943",2058,7,441.06086960201,31.3262362561676,236.193552929089
"944",2058,8,420.070687780854,31.6513622100746,225.861024995465
"945",2058,9,347.282055509277,39.0784865122412,193.180271010759
"946",2058,10,176.754302925631,42.437764869341,109.596033897486
"947",2058,11,88.5747800292407,30.1499186291454,59.362349329193
"948",2058,12,18.3119580925147,7.41734398474823,12.8646510386314
"949",2059,1,28.4154944385854,11.3690061108271,19.8922502747063
"950",2059,2,135.763021660575,42.8353942260325,89.299207943304
"951",2059,3,396.41079939793,91.3179929308899,243.86439616441
"952",2059,4,386.774161735834,86.2481563197182,236.511159027776
"953",2059,5,356.847684820464,60.735513328705,208.791599074584
"954",2059,6,382.55381337061,39.1764275485709,210.865120459591
"955",2059,7,362.659939087331,36.014305187546,199.337122137438
"956",2059,8,410.490254157007,35.0532928671657,222.771773512086
"957",2059,9,337.472656453808,31.6177713148879,184.545213884348
"958",2059,10,178.690149352861,34.7753115499131,106.732730451387
"959",2059,11,88.4572257130995,27.0904938491526,57.7738597811261
"960",2059,12,16.2653289292709,7.89907360882042,12.0822012690457
"961",2060,1,17.3299407599359,8.67952856178689,13.0047346608614
"962",2060,2,134.310313628698,40.4282925048265,87.3693030667623
"963",2060,3,460.504042474815,92.6711556519155,276.587599063365
"964",2060,4,436.442015347129,117.14686978004,276.794442563585
"965",2060,5,413.958825862531,114.522572569999,264.240699216265
"966",2060,6,455.418730593425,84.1201682250531,269.769449409239
"967",2060,7,375.740417391895,47.9245911071614,211.832504249528
"968",2060,8,283.080940499318,46.7511802120277,164.916060355673
"969",2060,9,336.658744942253,54.9157755069019,195.787260224577
"970",2060,10,168.460115784178,47.4377104580039,107.948913121091
"971",2060,11,78.5864875900885,26.0930549028351,52.3397712464618
"972",2060,12,22.2631508716851,9.89257542984146,16.0778631507633
"973",2061,1,13.2625898982707,7.53056364055831,10.3965767694145
"974",2061,2,83.4744308933356,28.90940342696,56.1919171601478
"975",2061,3,480.645105576016,96.874713323508,288.759909449762
"976",2061,4,374.020446155525,86.7809844778386,230.400715316682
"977",2061,5,406.176988383166,60.7416934088231,233.459340895995
"978",2061,6,340.985948707736,44.7747733400925,192.880361023914
"979",2061,7,410.858267762056,36.0054893413775,223.431878551717
"980",2061,8,356.505627758914,32.8823091083609,194.693968433637
"981",2061,9,308.725740380873,35.7643247828546,172.245032581864
"982",2061,10,185.997703048386,45.9040503202643,115.950876684325
"983",2061,11,68.8990334673009,24.1030589460693,46.5010462066851
"984",2061,12,17.8593281119071,8.42336372642309,13.1413459191651
"985",2062,1,27.3265201522025,11.6785585738757,19.5025393630391
"986",2062,2,110.679646327593,38.6963684669237,74.6880073972585
"987",2062,3,470.006658663126,92.2087895340114,281.107724098569
"988",2062,4,352.172030156232,89.7107275360565,220.941378846144
"989",2062,5,311.310482778741,84.8090119657394,198.05974737224
"990",2062,6,306.020681263636,55.6796036878987,180.850142475767
"991",2062,7,296.516233874973,43.7084503258527,170.112342100413
"992",2062,8,335.674895304626,36.2491226914298,185.962008998028
"993",2062,9,231.248004181192,33.0712007014762,132.159602441334
"994",2062,10,176.390280021061,37.1895799742864,106.789929997674
"995",2062,11,94.4985384791099,26.5888933905796,60.5437159348447
"996",2062,12,22.5628728155409,9.10367650114234,15.8332746583416
"997",2063,1,23.2315824438978,10.9304939479031,17.0810381959004
"998",2063,2,119.276376653405,43.2475118986432,81.2619442760243
"999",2063,3,315.45727839934,77.8475741928703,196.652426296105
"1000",2063,4,478.315093144344,93.6982623993495,286.006677771847
"1001",2063,5,350.903012616075,100.186736325035,225.544874470555
"1002",2063,6,282.387846491151,74.1664250168597,178.277135754005
"1003",2063,7,322.021237444346,52.5019765727093,187.261607008528
"1004",2063,8,271.954558026401,37.39909376826,154.67682589733
"1005",2063,9,262.512834134549,39.0026909222395,150.757762528394
"1006",2063,10,129.820219884165,37.6844983965648,83.7523591403647
"1007",2063,11,66.3652885621816,22.51375119231,44.4395198772458
"1008",2063,12,16.7808365890293,7.89283950135487,12.3368380451921
"1009",2064,1,27.8224969825099,11.362979301224,19.592738141867
"1010",2064,2,75.1920591057676,27.6633935477006,51.4277263267341
"1011",2064,3,391.5429030288,94.5122137631899,243.027558395995
"1012",2064,4,448.350270798725,77.8068910507475,263.078580924736
"1013",2064,5,331.802183667423,55.8089862923693,193.805584979896
"1014",2064,6,423.121179159248,40.6506437269977,231.885911443123
"1015",2064,7,393.099691962273,37.8998208495298,215.499756405902
"1016",2064,8,392.641688992388,32.7560641866501,212.698876589519
"1017",2064,9,396.20427355584,44.831341751092,220.517807653466
"1018",2064,10,189.168569271471,42.6216812826856,115.895125277078
"1019",2064,11,97.6233848960207,30.2447991179878,63.9340920070043
"1020",2064,12,17.416353618625,6.98545205850822,12.2009028385666
"1021",2065,1,49.3948623306877,16.1651070692579,32.7799846999728
"1022",2065,2,191.905735612375,55.5498159234706,123.727775767923
"1023",2065,3,431.879466534249,95.0031732410066,263.441319887628
"1024",2065,4,514.447975618899,103.842556110087,309.145265864493
"1025",2065,5,375.104628798447,76.5786482369082,225.841638517677
"1026",2065,6,361.94896273184,54.0592254076005,208.00409406972
"1027",2065,7,395.298917241575,34.8548761930022,215.076896717288
"1028",2065,8,332.896953802977,34.903336828964,183.90014531597
"1029",2065,9,328.190163790314,50.5471887926126,189.368676291463
"1030",2065,10,222.889563646618,56.5302534627823,139.7099085547
"1031",2065,11,62.6422121378518,20.8737312415757,41.7579716897137
"1032",2065,12,20.6972599868093,8.41503996026773,14.5561499735385
"1033",2066,1,35.9824024675286,13.2225494246216,24.6024759460751
"1034",2066,2,104.273928381809,34.0914350303484,69.1826817060789
"1035",2066,3,375.909644085737,91.3750604077169,233.642352246727
"1036",2066,4,503.942941593961,99.6804667033427,301.811704148652
"1037",2066,5,320.05485981113,61.3664849962817,190.710672403706
"1038",2066,6,342.728790490137,41.4063921834528,192.067591336795
"1039",2066,7,330.904796596318,32.6812191035806,181.793007849949
"1040",2066,8,364.360274756165,36.4945769485309,200.427425852348
"1041",2066,9,295.688003794905,34.2989284694726,164.993466132189
"1042",2066,10,176.401721640032,45.2161141643119,110.808917902172
"1043",2066,11,88.6831663461503,28.6843118259049,58.6837390860276
"1044",2066,12,17.5481890922196,7.8173588353102,12.6827739637649
"1045",2067,1,19.9331577369795,8.9033675154786,14.4182626262291
"1046",2067,2,126.897496533937,41.8125212228126,84.3550088783749
"1047",2067,3,331.104254656284,86.5652099744896,208.834732315387
"1048",2067,4,385.805081443628,104.918303264524,245.361692354076
"1049",2067,5,306.875698731858,64.1761488134183,185.525923772638
"1050",2067,6,314.150309629424,48.7681396772577,181.459224653341
"1051",2067,7,247.050377022723,33.4118715628154,140.231124292769
"1052",2067,8,266.472938844264,36.817119998236,151.64502942125
"1053",2067,9,249.983622886618,43.1510767700216,146.56734982832
"1054",2067,10,162.438149691046,46.5778983466349,104.50802401884
"1055",2067,11,59.429144679852,23.6889451259632,41.5590449029076
"1056",2067,12,15.073423173224,7.65930714315135,11.3663651581877
"1057",2068,1,27.7705842634148,11.6449814097292,19.707782836572
"1058",2068,2,188.127746801574,54.5457203643779,121.336733582976
"1059",2068,3,436.583506328336,85.8227879265327,261.203147127434
"1060",2068,4,321.35809600162,75.650301664365,198.504198832993
"1061",2068,5,355.882090059653,56.5709994982562,206.226544778954
"1062",2068,6,253.412925656567,48.5461480961901,150.979536876378
"1063",2068,7,259.284511799098,33.225974208025,146.255243003561
"1064",2068,8,313.390919334547,32.2574997612471,172.824209547897
"1065",2068,9,232.616211474784,35.0586550398214,133.837433257303
"1066",2068,10,161.396513773624,51.3537825907922,106.375148182208
"1067",2068,11,89.6641121361116,28.2597197997106,58.9619159679111
"1068",2068,12,15.8205959106387,7.75835001967474,11.7894729651567
"1069",2069,1,33.0018719190061,13.1264932950028,23.0641826070044
"1070",2069,2,146.260653831439,44.1187512450788,95.1897025382588
"1071",2069,3,430.296475825239,103.888067478948,267.092271652093
"1072",2069,4,475.07810017213,104.942081429991,290.01009080106
"1073",2069,5,360.316113816905,70.252352389855,215.28423310338
"1074",2069,6,354.621794273669,56.9751229334769,205.798458603573
"1075",2069,7,405.914914988939,42.2999972940078,224.107456141473
"1076",2069,8,334.686058394709,36.2871165333394,185.486587464024
"1077",2069,9,363.756172375482,38.2257777853412,200.990975080412
"1078",2069,10,184.497247874532,39.6821025955802,112.089675235056
"1079",2069,11,90.2140354341483,27.4383389174173,58.8261871757828
"1080",2069,12,22.0573178555933,8.71559036888039,15.3864541122368
"1081",2070,1,14.6323756166659,7.56603432305658,11.0992049698612
"1082",2070,2,88.7419060665884,31.8384373118148,60.2901716892016
"1083",2070,3,410.374584413263,88.0956846060611,249.235134509662
"1084",2070,4,431.420031684307,110.018352039648,270.719191861978
"1085",2070,5,298.84272310505,96.0043408847538,197.423531994902
"1086",2070,6,350.243457477683,71.4160062287172,210.8297318532
"1087",2070,7,305.754739075999,34.3812757703161,170.068007423157
"1088",2070,8,290.024540144528,34.6446143939811,162.334577269255
"1089",2070,9,260.731436547613,33.7231278312878,147.22728218945
"1090",2070,10,183.581679909666,44.5038142148155,114.042747062241
"1091",2070,11,108.413799175129,35.4034022979625,71.9086007365455
"1092",2070,12,9.02584266921622,6.38866080286623,7.70725173604123
"1093",2071,1,16.5318600632281,9.06014871225696,12.7960043877425
"1094",2071,2,79.6608226186823,31.7554589813486,55.7081408000155
"1095",2071,3,302.840225238736,76.1866919286837,189.51345858371
"1096",2071,4,368.737144723293,87.2961284412851,228.016636582289
"1097",2071,5,355.032809603499,71.5546086029649,213.293709103232
"1098",2071,6,390.787701350476,47.1240602108599,218.955880780668
"1099",2071,7,350.375495091783,33.4192104862716,191.897352789027
"1100",2071,8,331.139708860487,33.5644259920729,182.35206742628
"1101",2071,9,312.076514166285,34.7823395619483,173.429426864117
"1102",2071,10,176.400196285641,44.3034213431712,110.351808814406
"1103",2071,11,77.2348318987529,22.0496008821688,49.6422163904608
"1104",2071,12,23.8170006320447,7.92192846283092,15.8694645474378
"1105",2072,1,28.3181035743467,10.21576447679,19.2669340255684
"1106",2072,2,111.530890294167,35.4801811167476,73.5055357054571
"1107",2072,3,548.291716375592,96.1808892070222,322.236302791307
"1108",2072,4,522.815512589098,116.69953883375,319.757525711424
"1109",2072,5,359.843563366879,80.6689102638951,220.256236815387
"1110",2072,6,367.546736298638,53.6788377617386,210.612787030188
"1111",2072,7,333.784797434719,31.7678016196444,182.776299527182
"1112",2072,8,375.331523418309,33.7290240156593,204.530273716984
"1113",2072,9,263.823295451675,30.7471040217674,147.285199736721
"1114",2072,10,199.685535478429,42.2267139883805,120.956124733405
"1115",2072,11,82.5963676935764,26.8595134741964,54.7279405838864
"1116",2072,12,25.9955661464055,10.452707828146,18.2241369872758
"1117",2073,1,24.9016185902588,10.9290486662949,17.9153336282769
"1118",2073,2,93.900451747617,34.760865232921,64.330658490269
"1119",2073,3,409.636316456511,86.9224804772695,248.27939846689
"1120",2073,4,457.793791032543,104.117238317951,280.955514675247
"1121",2073,5,380.863849893607,78.330232284827,229.597041089217
"1122",2073,6,283.297425794039,48.1616023458557,165.729514069947
"1123",2073,7,364.407242968432,35.4544065124532,199.930824740443
"1124",2073,8,340.11606224117,32.9530037725738,186.534533006872
"1125",2073,9,266.756277284654,29.1078521015301,147.932064693092
"1126",2073,10,174.134630178385,35.7022252308233,104.918427704604
"1127",2073,11,62.3511346598718,22.5196840940578,42.4354093769648
"1128",2073,12,14.6103582301584,6.90027819940789,10.7553182147831
"1129",2074,1,14.2984062217363,7.8972935684925,11.0978498951144
"1130",2074,2,94.4674488445425,31.5803024606126,63.0238756525776
"1131",2074,3,377.995598831421,95.0793807042334,236.537489767827
"1132",2074,4,502.455029867044,124.955056258892,313.705043062968
"1133",2074,5,288.529209766596,96.0440124511397,192.286611108868
"1134",2074,6,358.88671493653,74.0066323131012,216.446673624816
"1135",2074,7,303.316461214529,40.9308582961267,172.123659755328
"1136",2074,8,419.05100216591,43.8959252833907,231.473463724651
"1137",2074,9,314.110121216588,39.6280539819464,176.869087599267
"1138",2074,10,163.857035879298,38.3591991248639,101.108117502081
"1139",2074,11,89.143917842553,28.1681807553768,58.6560492989649
"1140",2074,12,13.3924452345757,7.20614653018328,10.2992958823795
"1141",2075,1,14.5704130021333,9.27939524241675,11.924904122275
"1142",2075,2,69.2707642092186,28.6191568703181,48.9449605397684
"1143",2075,3,433.061489040163,92.9394788531783,263.000483946671
"1144",2075,4,347.099702350129,97.9533393002369,222.526520825183
"1145",2075,5,305.564662383183,66.3844001397716,185.974531261477
"1146",2075,6,307.360949416667,45.2971302778824,176.329039847275
"1147",2075,7,326.468450428494,26.8804261222363,176.674438275365
"1148",2075,8,280.754785669917,33.5121844584159,157.133485064167
"1149",2075,9,291.268029335872,39.999713481074,165.633871408473
"1150",2075,10,199.736143060755,45.8816525455707,122.808897803163
"1151",2075,11,95.4826474110092,31.0593322911119,63.2709898510605
"1152",2075,12,7.17525633915693,5.13098248210856,6.15311941063275
"1153",2076,1,31.7597681612457,12.4673181043705,22.1135431328081
"1154",2076,2,204.512643178194,60.7677999361752,132.640221557184
"1155",2076,3,299.153729624684,76.0756778008188,187.614703712751
"1156",2076,4,392.390619432386,95.9851694862973,244.187894459342
"1157",2076,5,361.477413088716,95.7798236873144,228.628618388015
"1158",2076,6,406.260284497313,87.9449311330616,247.102607815187
"1159",2076,7,356.608516856544,44.8291197316006,200.718818294072
"1160",2076,8,298.889880868364,36.3993292750839,167.644605071724
"1161",2076,9,283.893616860263,61.0544612937215,172.474039076992
"1162",2076,10,188.623898897519,50.0780772211661,119.350988059343
"1163",2076,11,77.8220004209338,25.1895180952264,51.5057592580801
"1164",2076,12,12.9371445649106,7.35186422875776,10.1445043968342
"1165",2077,1,20.5080003056277,9.33194006868534,14.9199701871565
"1166",2077,2,159.894194130028,45.8150624642706,102.854628297149
"1167",2077,3,400.840154881325,86.1747779477215,243.507466414523
"1168",2077,4,515.643632763873,109.312624639048,312.47812870146
"1169",2077,5,446.368797124765,82.5929208457051,264.480858985235
"1170",2077,6,364.359974459222,46.3447330292691,205.352353744245
"1171",2077,7,373.790291175473,35.2986598792482,204.54447552736
"1172",2077,8,386.622787071959,38.821251870235,212.722019471097
"1173",2077,9,280.039149534199,42.6256632593933,161.332406396796
"1174",2077,10,196.18726376925,42.5749173108571,119.381090540053
"1175",2077,11,85.5951199310994,30.100259155268,57.8476895431837
"1176",2077,12,17.2073446634289,8.06849277293616,12.6379187181825
"1177",2078,1,18.004035640546,9.36838582341138,13.6862107319787
"1178",2078,2,96.1690687116634,36.1705083942798,66.1697885529716
"1179",2078,3,434.462756623464,80.9079332785229,257.685344950994
"1180",2078,4,460.212416169321,122.063767031749,291.138091600535
"1181",2078,5,377.130303064126,98.4718346397605,237.801068851943
"1182",2078,6,350.406436822489,61.8758756086162,206.141156215552
"1183",2078,7,256.602874871331,36.8364967940966,146.719685832714
"1184",2078,8,287.501956626995,29.7378163446011,158.619886485798
"1185",2078,9,227.961364545989,36.7071349036095,132.334249724799
"1186",2078,10,138.705716838227,37.4859976728936,88.0958572555603
"1187",2078,11,84.3906657854265,31.6255381313574,58.008101958392
"1188",2078,12,10.379205553555,7.12761698132423,8.75341126743963
"1189",2079,1,19.035782098074,9.51482661435358,14.2753043562138
"1190",2079,2,108.400754564473,38.0239224148976,73.2123384896853
"1191",2079,3,326.218152385744,85.9949925066963,206.10657244622
"1192",2079,4,416.694049097749,109.62200870935,263.15802890355
"1193",2079,5,348.996017356544,91.5861500368893,220.291083696717
"1194",2079,6,331.502366652908,63.1647275385134,197.333547095711
"1195",2079,7,294.483920863869,57.9689373710622,176.226429117465
"1196",2079,8,254.257875146239,26.869829353267,140.563852249753
"1197",2079,9,227.510103628024,28.3365364561703,127.923320042097
"1198",2079,10,153.99033711454,39.9198499708917,96.955093542716
"1199",2079,11,73.5154219768202,23.4883267602034,48.5018743685118
"1200",2079,12,15.7836554276452,7.57512333321529,11.6793893804302
"1201",2080,1,19.7264332864561,10.0163104306668,14.8713718585614
"1202",2080,2,135.113855254409,45.2000638808521,90.1569595676306
"1203",2080,3,353.581463891795,78.6960589173685,216.138761404582
"1204",2080,4,325.202052416855,97.2417146116267,211.221883514241
"1205",2080,5,323.388915243591,87.0231099454508,205.206012594521
"1206",2080,6,275.027346428306,49.1476551489112,162.087500788609
"1207",2080,7,279.605135084273,36.6171628480583,158.111148966166
"1208",2080,8,350.972942188395,27.5578420006405,189.265392094518
"1209",2080,9,260.144027959324,34.9234492925806,147.533738625952
"1210",2080,10,156.804221215595,46.9376260704024,101.870923642999
"1211",2080,11,100.766059608214,35.571310952826,68.1686852805202
"1212",2080,12,12.6124615796205,7.31615147075037,9.96430652518545
"1213",2081,1,16.5872427370682,8.75259402880006,12.6699183829342
"1214",2081,2,98.4529086217325,36.9396466239646,67.6962776228485
"1215",2081,3,567.506724913114,86.8993043431979,327.203014628156
"1216",2081,4,364.806195720584,79.5308502325827,222.168522976583
"1217",2081,5,315.623090919812,80.9152820961414,198.269186507977
"1218",2081,6,371.696989156411,54.2088374476515,212.952913302031
"1219",2081,7,341.926136400813,37.2866406404127,189.606388520613
"1220",2081,8,342.686036574001,30.0919667773646,186.389001675683
"1221",2081,9,244.516111667782,32.8587780130617,138.687444840422
"1222",2081,10,157.052487157635,47.0671957271225,102.059841442379
"1223",2081,11,94.27650457819,31.4876149173201,62.8820597477551
"1224",2081,12,18.3968258438171,9.47756870490169,13.9371972743594
"1225",2082,1,22.9631700326299,11.1023815569892,17.0327757948096
"1226",2082,2,51.6430225431207,23.2525254215418,37.4477739823312
"1227",2082,3,377.585152984007,88.6255964288297,233.105374706419
"1228",2082,4,378.664333132081,110.464424394553,244.564378763317
"1229",2082,5,326.363142967449,93.6967980038549,210.029970485652
"1230",2082,6,314.618297766915,54.739862715161,184.679080241038
"1231",2082,7,285.177283927309,40.3400456036564,162.758664765483
"1232",2082,8,283.399620715222,37.2773903959027,160.338505555562
"1233",2082,9,272.157797694215,41.6838485335556,156.920823113885
"1234",2082,10,160.078059525326,44.2864569510685,102.182258238197
"1235",2082,11,75.140022388339,27.5968674591397,51.3684449237393
"1236",2082,12,14.9381350622684,8.76054249788871,11.8493387800785
"1237",2083,1,13.425420706004,8.34997942308973,10.8877000645469
"1238",2083,2,76.282345746768,33.4394974504773,54.8609215986226
"1239",2083,3,331.542569289756,87.5702178903939,209.556393590075
"1240",2083,4,375.195199873474,108.043654548984,241.619427211229
"1241",2083,5,314.860906554997,60.9279663053342,187.894436430166
"1242",2083,6,230.695531821843,44.358731349897,137.52713158587
"1243",2083,7,273.616006877313,30.1903190308271,151.90316295407
"1244",2083,8,267.05982739832,27.1349926940137,147.097410046167
"1245",2083,9,263.858084275489,42.2179008301786,153.037992552834
"1246",2083,10,197.31560922952,44.2250558336724,120.770332531596
"1247",2083,11,51.632950683229,21.2216490369849,36.4272998601069
"1248",2083,12,16.6198650476686,7.73827885580957,12.1790719517391
"1249",2084,1,24.6681448346562,10.3471112312275,17.5076280329418
"1250",2084,2,87.1827444418376,30.3962079714033,58.7894762066205
"1251",2084,3,623.641276696969,93.2406948188277,358.440985757899
"1252",2084,4,365.52900460914,103.115099338499,234.32205197382
"1253",2084,5,335.112064407093,90.0807246972606,212.596394552177
"1254",2084,6,328.836119884878,60.1789920420289,194.507555963453
"1255",2084,7,316.843422239617,36.0071695157395,176.425295877678
"1256",2084,8,291.016706367907,34.0014702884055,162.509088328156
"1257",2084,9,236.826992274592,39.4973379625919,138.162165118592
"1258",2084,10,195.162566812024,43.427638416521,119.295102614272
"1259",2084,11,78.9424820417619,25.5599771558561,52.251229598809
"1260",2084,12,21.1729567816991,8.54013857213554,14.8565476769173
"1261",2085,1,25.2917320667745,10.605683259863,17.9487076633187
"1262",2085,2,75.5561031577397,27.7105407672494,51.6333219624945
"1263",2085,3,476.366546095746,87.8150926807986,282.090819388273
"1264",2085,4,424.211279610171,88.032974120017,256.122126865094
"1265",2085,5,356.224062172331,90.2745676233011,223.249314897816
"1266",2085,6,393.682987625487,60.1633774038937,226.92318251469
"1267",2085,7,348.263086135353,38.2131549300043,193.238120532679
"1268",2085,8,385.300919107041,35.628481692567,210.464700399804
"1269",2085,9,321.856199317169,33.9671489290082,177.911674123089
"1270",2085,10,171.87606856282,40.9446326013514,106.410350582086
"1271",2085,11,87.1891315323809,27.1331431761538,57.1611373542673
"1272",2085,12,13.4799594979723,7.09352732234048,10.2867434101564
"1273",2086,1,18.9365557396604,8.90240632508301,13.9194810323717
"1274",2086,2,106.84503001589,36.910300703804,71.8776653598469
"1275",2086,3,455.897794837673,91.6783103982428,273.788052617958
"1276",2086,4,469.648218623321,96.0436786442613,282.845948633791
"1277",2086,5,344.756538787898,62.933413958323,203.84497637311
"1278",2086,6,325.38495323519,40.1482405998117,182.766596917501
"1279",2086,7,387.728021262488,33.5228396394824,210.625430450985
"1280",2086,8,352.753430530804,35.6024982440111,194.177964387408
"1281",2086,9,280.509305810233,48.2134665152512,164.361386162742
"1282",2086,10,156.798179472525,44.9592298814424,100.878704676984
"1283",2086,11,90.70513369447,28.5703749251412,59.6377543098056
"1284",2086,12,19.4514322106673,9.47409492688661,14.462763568777
"1285",2087,1,35.6825119796563,13.0500273762338,24.3662696779451
"1286",2087,2,163.540876056425,51.5408751908022,107.540875623613
"1287",2087,3,309.087860261191,84.0141606764021,196.551010468797
"1288",2087,4,422.274318919685,108.141718224151,265.208018571918
"1289",2087,5,387.261501075607,75.8995902544458,231.580545665026
"1290",2087,6,358.317354130996,41.1141012759557,199.715727703476
"1291",2087,7,365.080282616399,35.4014199757047,200.240851296052
"1292",2087,8,342.927727202718,37.0308574665762,189.979292334647
"1293",2087,9,257.617392502196,34.8589792809083,146.238185891552
"1294",2087,10,172.82799272785,45.0629313887671,108.945462058309
"1295",2087,11,80.6073075950756,26.8837573067394,53.7455324509075
"1296",2087,12,13.2636567864257,6.14070043403972,9.70217861023271
"1297",2088,1,23.7987659881063,9.38966906297743,16.5942175255419
"1298",2088,2,74.2296181721153,26.6608461119282,50.4452321420218
"1299",2088,3,481.625517436829,95.8932074396874,288.759362438258
"1300",2088,4,299.288580608491,87.2613139104389,193.274947259465
"1301",2088,5,265.18611306253,80.4499945028628,172.818053782696
"1302",2088,6,288.986421715342,44.220875190579,166.60364845296
"1303",2088,7,278.744926441411,27.0273999327114,152.886163187061
"1304",2088,8,277.773422520708,24.7522280665272,151.262825293618
"1305",2088,9,213.954090612344,29.7404181899295,121.847254401137
"1306",2088,10,162.272824490065,40.7530012615414,101.512912875803
"1307",2088,11,48.4992901720588,20.8901001238421,34.6946951479504
"1308",2088,12,7.24786802934362,5.80401055657907,6.52593929296135
"1309",2089,1,21.9681796600245,11.0655862316407,16.5168829458326
"1310",2089,2,88.9054290987511,33.0565903910273,60.9810097448892
"1311",2089,3,352.66777374498,85.7018997490738,219.184836747027
"1312",2089,4,328.265462690153,83.4532939173463,205.85937830375
"1313",2089,5,275.48114358331,64.9736396530202,170.227391618165
"1314",2089,6,289.826908948214,40.1496985423614,164.988303745288
"1315",2089,7,310.962935242628,32.208780537597,171.585857890112
"1316",2089,8,303.543103347471,29.4298143766867,166.486458862079
"1317",2089,9,279.260349617749,33.1844073040846,156.222378460917
"1318",2089,10,146.150655698156,34.9556687814562,90.5531622398061
"1319",2089,11,99.7465326700583,29.0000020094008,64.3732673397296
"1320",2089,12,14.1605050700704,6.68444295011968,10.422474010095
"1321",2090,1,23.2594844101883,10.3933602215966,16.8264223158925
"1322",2090,2,95.2568127081459,34.5682471335764,64.9125299208611
"1323",2090,3,444.346967134425,83.0484017445438,263.697684439485
"1324",2090,4,510.640347614419,93.8396427780898,302.239995196254
"1325",2090,5,314.599409360401,65.7216372483805,190.160523304391
"1326",2090,6,314.87916119897,44.231899298283,179.555530248627
"1327",2090,7,322.499143001077,31.1185446912703,176.808843846174
"1328",2090,8,310.857143569061,29.5087590276722,170.182951298366
"1329",2090,9,308.671054217627,29.8970408561852,169.284047536906
"1330",2090,10,177.703809534751,31.5630036378494,104.6334065863
"1331",2090,11,69.5345640988045,23.3395545868652,46.4370593428349
"1332",2090,12,24.6355649591291,9.64383105779127,17.1396980084602
"1333",2091,1,18.4420867438925,8.82194511992217,13.6320159319074
"1334",2091,2,122.505572912064,40.3382594272255,81.421916169645
"1335",2091,3,336.7258268027,84.3125548915597,210.51919084713
"1336",2091,4,501.002360098734,100.440958606925,300.72165935283
"1337",2091,5,359.727883532336,86.0618693150817,222.894876423709
"1338",2091,6,365.136331049394,60.3979399700281,212.767135509711
"1339",2091,7,332.660305330107,33.262225335114,182.96126533261
"1340",2091,8,299.18019456696,32.4322370248378,165.806215795899
"1341",2091,9,288.696891296526,44.918897069457,166.807894182991
"1342",2091,10,239.634989553446,66.3843864951658,153.009688024306
"1343",2091,11,107.171324762567,37.3462601402958,72.2587924514313
"1344",2091,12,9.62185641754741,6.09196543882197,7.85691092818469
"1345",2092,1,10.172346057519,7.01527478548141,8.59381042150018
"1346",2092,2,65.3875822119005,23.567662789596,44.4776225007483
"1347",2092,3,827.228798894791,79.7102298942575,453.469514394524
"1348",2092,4,447.011757697731,109.030497073531,278.021127385631
"1349",2092,5,362.89636083441,88.2061196998514,225.551240267131
"1350",2092,6,301.701421780638,51.5230101126504,176.612215946644
"1351",2092,7,299.955610370696,33.1239855950415,166.539797982869
"1352",2092,8,315.146840757522,34.6967271064876,174.921783932005
"1353",2092,9,276.605336168601,51.2995673331328,163.952451750867
"1354",2092,10,208.742966071159,56.5098265567693,132.626396313964
"1355",2092,11,64.5107186208074,23.52623577133,44.0184771960687
"1356",2092,12,11.8730188981761,6.87603257761248,9.37452573789429
"1357",2093,1,12.4647878225329,7.55807064440137,10.0114292334671
"1358",2093,2,160.775109454891,54.1956120235691,107.48536073923
"1359",2093,3,343.706536819145,89.2319388474939,216.469237833319
"1360",2093,4,421.81025763475,99.8361779942608,260.823217814505
"1361",2093,5,257.795112396271,81.4473287530515,169.621220574661
"1362",2093,6,303.889965343823,57.3258737503946,180.607919547109
"1363",2093,7,276.482532682765,30.2672408766781,153.374886779721
"1364",2093,8,281.06247632442,30.9094664966453,155.985971410533
"1365",2093,9,218.49039815505,30.2279126547653,124.359155404908
"1366",2093,10,144.186271549013,36.745062721153,90.4656671350832
"1367",2093,11,86.1107552373483,30.9922663062673,58.5515107718078
"1368",2093,12,11.3060101892861,6.88656717661239,9.09628868294924
"1369",2094,1,19.7343343215946,9.78642012253412,14.7603772220643
"1370",2094,2,83.6706265373047,32.4885732964223,58.0795999168635
"1371",2094,3,353.15514300145,75.4876398201439,214.321391410797
"1372",2094,4,514.396772917039,115.751232881418,315.074002899229
"1373",2094,5,394.429853720105,81.5038044464013,237.966829083253
"1374",2094,6,340.310176855868,47.3257366223956,193.817956739132
"1375",2094,7,290.610789974239,31.8039234153159,161.207356694778
"1376",2094,8,287.237552664441,27.8901529496034,157.563852807022
"1377",2094,9,262.99808153281,43.6755426323389,153.336812082574
"1378",2094,10,179.374633154803,40.8516644822535,110.113148818528
"1379",2094,11,79.4027527775128,25.4710627354785,52.4369077564956
"1380",2094,12,11.5016839041082,5.91725335610044,8.70946863010434
"1381",2095,1,46.695585384445,15.6309482965168,31.1632668404809
"1382",2095,2,118.002840325614,41.7078147554134,79.8553275405136
"1383",2095,3,404.84350833055,88.0783002895708,246.46090431006
"1384",2095,4,467.66180251517,102.050654581403,284.856228548287
"1385",2095,5,381.064797150287,97.6647759885407,239.364786569414
"1386",2095,6,375.61506637023,65.4919294127321,220.553497891481
"1387",2095,7,331.706263886363,44.2116590199008,187.958961453132
"1388",2095,8,316.814453546878,34.4956659775489,175.655059762214
"1389",2095,9,260.452229387156,37.719998430808,149.086113908982
"1390",2095,10,168.241226032498,46.327945235317,107.284585633907
"1391",2095,11,71.5136135354104,25.8073966403278,48.6605050878691
"1392",2095,12,14.0071168722905,6.59013860632696,10.2986277393087
"1393",2096,1,19.9793338557179,9.11223608546857,14.5457849705932
"1394",2096,2,171.102346387031,53.8386529555221,112.470499671276
"1395",2096,3,359.754031604267,82.1420032018129,220.94801740304
"1396",2096,4,393.104008736463,65.003183310283,229.053596023373
"1397",2096,5,370.433977896843,44.106605141439,207.270291519141
"1398",2096,6,321.421551269219,29.993382359921,175.70746681457
"1399",2096,7,364.210640863757,25.4213642732533,194.816002568505
"1400",2096,8,334.31044083918,24.3722384593087,179.341339649244
"1401",2096,9,248.386932707324,29.8521139720007,139.119523339662
"1402",2096,10,162.37124683287,34.6170082841488,98.4941275585093
"1403",2096,11,97.4264107658123,29.1060974600282,63.2662541129202
"1404",2096,12,17.0191470091509,7.98439357438455,12.5017702917677
"1405",2097,1,18.9369169706792,8.99220442464285,13.964560697661
"1406",2097,2,91.2903782600105,29.8848844369604,60.5876313484855
"1407",2097,3,457.856579188031,92.2569419718288,275.05676057993
"1408",2097,4,426.712989102202,119.48696656372,273.099977832961
"1409",2097,5,348.719362472124,91.0057126426945,219.862537557409
"1410",2097,6,308.212150369572,47.5797376654259,177.895944017499
"1411",2097,7,291.75126496869,28.5798256835198,160.165545326105
"1412",2097,8,309.428244975792,26.8549644599411,168.141604717867
"1413",2097,9,259.192867105813,25.8506266237128,142.521746864763
"1414",2097,10,191.400073549069,47.62169756939,119.51088555923
"1415",2097,11,86.6198851110353,32.0532506653416,59.3365678881884
"1416",2097,12,18.8484483852175,9.03831182950577,13.9433801073616
"1417",2098,1,17.2713334447883,8.21861458827739,12.7449740165328
"1418",2098,2,174.201420270932,51.0500746926733,112.625747481803
"1419",2098,3,200.739559600368,64.5662396456495,132.652899623009
"1420",2098,4,559.068034006629,122.407694984835,340.737864495732
"1421",2098,5,384.231957460724,94.507699093813,239.369828277268
"1422",2098,6,350.337780574176,73.7282426713429,212.033011622759
"1423",2098,7,307.13666475874,38.9721306648095,173.054397711775
"1424",2098,8,298.917017130887,29.3458369361659,164.131427033527
"1425",2098,9,241.119535534432,40.5380189597183,140.828777247075
"1426",2098,10,191.760616654511,46.2955713133736,119.028093983943
"1427",2098,11,88.5096816982885,29.4018068458967,58.9557442720926
"1428",2098,12,18.193755790419,8.15837135186255,13.1760635711408
"1429",2099,1,23.5777199737218,10.6775534702881,17.127636722005
"1430",2099,2,85.4708001362224,31.0881067978528,58.2794534670376
"1431",2099,3,332.041263065025,92.8780459132649,212.459654489145
"1432",2099,4,452.55629014851,94.9921849997644,273.774237574137
"1433",2099,5,295.131702525765,54.2788088573913,174.705255691578
"1434",2099,6,294.683021491963,34.6848830877706,164.683952289867
"1435",2099,7,327.311906425856,25.515391702052,176.413649063954
"1436",2099,8,287.913184291862,31.795984306521,159.854584299192
"1437",2099,9,261.049385591445,33.5781997731079,147.313792682276
"1438",2099,10,137.312562358913,27.3726498875441,82.3426061232286
"1439",2099,11,81.8338720339468,26.2813214629924,54.0575967484696
"1440",2099,12,24.9911345167403,10.0810979139874,17.5361162153639
