"","year","month","Cop_biom"
"1",1980,1,271.737203397246
"2",1980,2,265.049291063074
"3",1980,3,638.962736427113
"4",1980,4,1740.66673663632
"5",1980,5,2122.94593120015
"6",1980,6,2009.28458685052
"7",1980,7,1961.81782309435
"8",1980,8,1661.88853931495
"9",1980,9,1312.92890029561
"10",1980,10,1201.17762565308
"11",1980,11,868.992172764239
"12",1980,12,551.35368169022
"13",1981,1,333.88371159671
"14",1981,2,261.71106552533
"15",1981,3,426.456828045716
"16",1981,4,991.429577239576
"17",1981,5,1574.19679321973
"18",1981,6,1648.24129977595
"19",1981,7,1629.84848938393
"20",1981,8,1383.87074174023
"21",1981,9,1116.58934970041
"22",1981,10,808.377158907552
"23",1981,11,671.938184534328
"24",1981,12,422.391546969026
"25",1982,1,261.230196871786
"26",1982,2,262.034273919835
"27",1982,3,470.257384858806
"28",1982,4,884.097363832555
"29",1982,5,1390.37138029894
"30",1982,6,1527.76728225227
"31",1982,7,1594.73434485615
"32",1982,8,1392.20160359769
"33",1982,9,1184.08697037938
"34",1982,10,1060.43859180859
"35",1982,11,776.657684233519
"36",1982,12,461.570139075565
"37",1983,1,267.990140576998
"38",1983,2,213.60626437232
"39",1983,3,327.607816418108
"40",1983,4,1099.5782153211
"41",1983,5,1668.91715199739
"42",1983,6,1643.33855208744
"43",1983,7,1635.80786905968
"44",1983,8,1350.61386368773
"45",1983,9,1159.92353660423
"46",1983,10,935.762489442504
"47",1983,11,848.842930469124
"48",1983,12,512.64307338019
"49",1984,1,310.646677159083
"50",1984,2,261.266880670226
"51",1984,3,508.748089068373
"52",1984,4,1126.84716421258
"53",1984,5,1688.41550523752
"54",1984,6,1745.17006187991
"55",1984,7,1636.18333405989
"56",1984,8,1318.17387690794
"57",1984,9,1075.08960653481
"58",1984,10,852.270398180936
"59",1984,11,665.596795871444
"60",1984,12,383.292753104515
"61",1985,1,233.467119090079
"62",1985,2,235.493620874883
"63",1985,3,612.26161104578
"64",1985,4,1426.17022921139
"65",1985,5,1995.82698673421
"66",1985,6,1969.72965965691
"67",1985,7,1679.66073824792
"68",1985,8,1482.12432850905
"69",1985,9,1179.76658041052
"70",1985,10,932.927521767269
"71",1985,11,656.891263417568
"72",1985,12,402.469165466972
"73",1986,1,264.437143446673
"74",1986,2,234.520421507816
"75",1986,3,310.879737093565
"76",1986,4,949.032948532749
"77",1986,5,1715.6532451407
"78",1986,6,1645.69529279768
"79",1986,7,1686.44408436927
"80",1986,8,1415.83103916697
"81",1986,9,1132.97450507401
"82",1986,10,932.360702992287
"83",1986,11,751.828994102411
"84",1986,12,473.503020956198
"85",1987,1,297.971252603229
"86",1987,2,244.297130187666
"87",1987,3,414.419353031037
"88",1987,4,990.020694214016
"89",1987,5,1704.557835966
"90",1987,6,1856.43558080677
"91",1987,7,1767.08532404373
"92",1987,8,1477.56439427955
"93",1987,9,1227.88632855622
"94",1987,10,1064.75674880243
"95",1987,11,758.898305623816
"96",1987,12,482.221993906647
"97",1988,1,292.307979915954
"98",1988,2,229.400307705345
"99",1988,3,531.805853111546
"100",1988,4,1207.53068617268
"101",1988,5,1708.7455509489
"102",1988,6,1695.09823013884
"103",1988,7,1666.28225999736
"104",1988,8,1304.60718463413
"105",1988,9,1021.60250717873
"106",1988,10,792.546546705315
"107",1988,11,633.138542453247
"108",1988,12,403.257687655892
"109",1989,1,269.92516118654
"110",1989,2,207.642152790051
"111",1989,3,312.634190234382
"112",1989,4,895.644923519356
"113",1989,5,1609.37136459873
"114",1989,6,1877.52207919046
"115",1989,7,1655.81893237977
"116",1989,8,1211.95593506845
"117",1989,9,970.47945189247
"118",1989,10,802.530701221062
"119",1989,11,580.125252223655
"120",1989,12,375.332143701119
"121",1990,1,244.215193347009
"122",1990,2,216.715601679513
"123",1990,3,387.104032739938
"124",1990,4,1158.78806926416
"125",1990,5,1855.94372837168
"126",1990,6,1750.63939217265
"127",1990,7,1670.07061349134
"128",1990,8,1556.9319007855
"129",1990,9,1268.48450861474
"130",1990,10,1033.36942064098
"131",1990,11,815.493882945497
"132",1990,12,526.688857831574
"133",1991,1,331.642381029836
"134",1991,2,277.164172701714
"135",1991,3,413.154565737187
"136",1991,4,1113.62711165656
"137",1991,5,1594.23194400032
"138",1991,6,1617.47842197954
"139",1991,7,1630.62188667549
"140",1991,8,1397.40687612613
"141",1991,9,1178.08117524287
"142",1991,10,804.612726267749
"143",1991,11,651.263353568559
"144",1991,12,404.347298706353
"145",1992,1,269.458647148898
"146",1992,2,241.642803019525
"147",1992,3,444.27776429456
"148",1992,4,1196.92467099309
"149",1992,5,1862.69334365357
"150",1992,6,1857.68126192253
"151",1992,7,1690.47896670725
"152",1992,8,1383.88036284693
"153",1992,9,1132.91619117143
"154",1992,10,930.950439495219
"155",1992,11,771.742315687842
"156",1992,12,464.388976782949
"157",1993,1,284.148858710079
"158",1993,2,241.307417046921
"159",1993,3,396.030310621599
"160",1993,4,1090.7779116888
"161",1993,5,2014.48228204966
"162",1993,6,2053.1520289776
"163",1993,7,1790.63450821291
"164",1993,8,1492.77995496513
"165",1993,9,1184.94164514014
"166",1993,10,1031.28607301073
"167",1993,11,738.418779912002
"168",1993,12,456.933220721854
"169",1994,1,324.622753126748
"170",1994,2,268.299922636349
"171",1994,3,402.640834029894
"172",1994,4,1054.56162332862
"173",1994,5,1763.78419341045
"174",1994,6,1846.25058280862
"175",1994,7,1676.53968249069
"176",1994,8,1547.50780945135
"177",1994,9,1368.53612074974
"178",1994,10,1030.32228625841
"179",1994,11,838.0789936856
"180",1994,12,505.030194133807
"181",1995,1,316.024499267405
"182",1995,2,250.640534102397
"183",1995,3,412.897748570845
"184",1995,4,1165.35708802003
"185",1995,5,1766.87391306018
"186",1995,6,2040.89951665885
"187",1995,7,1954.04907329593
"188",1995,8,1563.66113044927
"189",1995,9,1257.9864302772
"190",1995,10,1068.72719070473
"191",1995,11,758.505908698523
"192",1995,12,486.828568184686
"193",1996,1,294.255733100477
"194",1996,2,250.260682226573
"195",1996,3,531.752817690998
"196",1996,4,1347.38415492388
"197",1996,5,1948.47321053257
"198",1996,6,1985.40841221565
"199",1996,7,1963.45395593557
"200",1996,8,1584.21290822059
"201",1996,9,1297.52338962953
"202",1996,10,934.804773818418
"203",1996,11,643.456701680488
"204",1996,12,461.937263791331
"205",1997,1,286.084873253883
"206",1997,2,232.208435592821
"207",1997,3,341.053406068554
"208",1997,4,881.583384729852
"209",1997,5,1626.65996512833
"210",1997,6,1750.00845136956
"211",1997,7,1871.96630517474
"212",1997,8,1569.60406575305
"213",1997,9,1153.45125372993
"214",1997,10,912.519844607877
"215",1997,11,724.152094784809
"216",1997,12,413.680601860944
"217",1998,1,261.962971226336
"218",1998,2,219.810040571026
"219",1998,3,364.080793784145
"220",1998,4,1064.62440923133
"221",1998,5,1654.38924614543
"222",1998,6,1614.39302158756
"223",1998,7,1611.9711865404
"224",1998,8,1388.21946483729
"225",1998,9,1155.68731232101
"226",1998,10,976.745759936668
"227",1998,11,758.280572331959
"228",1998,12,494.459397296306
"229",1999,1,309.128969247908
"230",1999,2,240.37724120211
"231",1999,3,451.362878688925
"232",1999,4,1351.37338162195
"233",1999,5,1899.88161451575
"234",1999,6,1876.76105885229
"235",1999,7,1796.47614383413
"236",1999,8,1399.41553188584
"237",1999,9,1135.40093196707
"238",1999,10,860.449708735955
"239",1999,11,648.718305742247
"240",1999,12,395.222993676593
"241",2000,1,243.963642282984
"242",2000,2,191.452043005102
"243",2000,3,266.993155666873
"244",2000,4,827.922175635392
"245",2000,5,1387.48937424731
"246",2000,6,1715.6371872002
"247",2000,7,1697.73066054298
"248",2000,8,1459.78566581945
"249",2000,9,1157.53634552686
"250",2000,10,915.328484075034
"251",2000,11,815.418528208821
"252",2000,12,461.193335962061
"253",2001,1,307.185085715686
"254",2001,2,245.899870346835
"255",2001,3,382.381877661341
"256",2001,4,817.202052876537
"257",2001,5,1304.41612027826
"258",2001,6,1565.87006902134
"259",2001,7,1470.11700009605
"260",2001,8,1343.12348767271
"261",2001,9,1088.02435351348
"262",2001,10,805.88733889193
"263",2001,11,558.421221008403
"264",2001,12,340.559603086085
"265",2002,1,210.330487591532
"266",2002,2,167.030973068561
"267",2002,3,266.723513839385
"268",2002,4,1032.14225903786
"269",2002,5,1533.84600753593
"270",2002,6,1724.08566139013
"271",2002,7,1685.54746387681
"272",2002,8,1337.84049805861
"273",2002,9,1143.88545558765
"274",2002,10,849.000178791591
"275",2002,11,623.6588412255
"276",2002,12,430.650517580904
"277",2003,1,293.966269357297
"278",2003,2,264.353389448845
"279",2003,3,499.449727835797
"280",2003,4,1336.14173494173
"281",2003,5,1753.05384315919
"282",2003,6,1931.77306260663
"283",2003,7,1821.27416267139
"284",2003,8,1446.58415977587
"285",2003,9,1141.74203638153
"286",2003,10,904.554056174711
"287",2003,11,608.34016432029
"288",2003,12,397.709923627241
"289",2004,1,260.521670310105
"290",2004,2,193.45720913191
"291",2004,3,278.093399444845
"292",2004,4,920.549849430219
"293",2004,5,1433.11013128666
"294",2004,6,1624.23337764922
"295",2004,7,1607.94787530386
"296",2004,8,1423.82055331036
"297",2004,9,1219.62798967006
"298",2004,10,937.999843465601
"299",2004,11,719.740713203349
"300",2004,12,411.043213453012
"301",2005,1,256.679248441156
"302",2005,2,222.068322306842
"303",2005,3,380.169308273244
"304",2005,4,1026.8393590867
"305",2005,5,1684.03394416058
"306",2005,6,1779.66568928292
"307",2005,7,1733.95666808902
"308",2005,8,1409.89505654427
"309",2005,9,1132.79295506349
"310",2005,10,806.237444975445
"311",2005,11,524.52327059509
"312",2005,12,349.286109890295
"313",2006,1,206.943350287573
"314",2006,2,172.038728101813
"315",2006,3,386.929616354557
"316",2006,4,1121.01711417744
"317",2006,5,1678.97798097522
"318",2006,6,1726.14516568878
"319",2006,7,1684.78330868904
"320",2006,8,1449.20468548516
"321",2006,9,1182.82171116457
"322",2006,10,923.915623201309
"323",2006,11,714.45700979026
"324",2006,12,473.490589853374
"325",2007,1,294.912703619105
"326",2007,2,226.242441242247
"327",2007,3,370.732617188793
"328",2007,4,1079.3296563131
"329",2007,5,1649.27359846421
"330",2007,6,1913.37556623205
"331",2007,7,1828.31564178337
"332",2007,8,1592.19993182312
"333",2007,9,1193.69908382801
"334",2007,10,901.372334512678
"335",2007,11,699.589608489919
"336",2007,12,492.607893989114
"337",2008,1,329.383769933181
"338",2008,2,267.401785141292
"339",2008,3,377.926000768678
"340",2008,4,1030.76683297515
"341",2008,5,1827.97719495541
"342",2008,6,2144.88559814489
"343",2008,7,1893.17006203614
"344",2008,8,1658.24826421758
"345",2008,9,1395.44233117836
"346",2008,10,986.849403966958
"347",2008,11,734.640655584316
"348",2008,12,477.249885518739
"349",2009,1,287.06577746359
"350",2009,2,222.343265640748
"351",2009,3,366.193566474631
"352",2009,4,1022.5273974578
"353",2009,5,1712.16304678269
"354",2009,6,1766.7157742894
"355",2009,7,1592.36935424935
"356",2009,8,1432.32874301022
"357",2009,9,1273.47998280996
"358",2009,10,1073.51920706896
"359",2009,11,692.960314798752
"360",2009,12,434.912896247448
"361",2010,1,272.261629856501
"362",2010,2,214.46520317208
"363",2010,3,346.385644449598
"364",2010,4,1043.47710653208
"365",2010,5,1697.86973495696
"366",2010,6,1769.88365221079
"367",2010,7,1577.41196891189
"368",2010,8,1343.56568209897
"369",2010,9,1048.24804090994
"370",2010,10,808.569494363875
"371",2010,11,600.821121683115
"372",2010,12,441.18798542923
"373",2011,1,295.259731557758
"374",2011,2,212.588855187262
"375",2011,3,428.780516903335
"376",2011,4,1381.4244775497
"377",2011,5,1702.84344133168
"378",2011,6,1661.45581420843
"379",2011,7,1500.4016952259
"380",2011,8,1273.30224106157
"381",2011,9,999.785673368333
"382",2011,10,660.796081387637
"383",2011,11,485.665726002793
"384",2011,12,303.700902733016
"385",2012,1,206.971215518487
"386",2012,2,171.463143181674
"387",2012,3,334.30631087321
"388",2012,4,1383.31537625145
"389",2012,5,1908.76744744447
"390",2012,6,1795.97756163711
"391",2012,7,1639.09515180944
"392",2012,8,1485.28460457741
"393",2012,9,1211.86936583631
"394",2012,10,998.591929013922
"395",2012,11,741.657979471855
"396",2012,12,410.046446215792
"397",2013,1,245.001442613595
"398",2013,2,176.338934237264
"399",2013,3,311.875621446
"400",2013,4,745.596409322966
"401",2013,5,1383.15929000493
"402",2013,6,1759.36390821503
"403",2013,7,1687.7424524345
"404",2013,8,1495.68047272326
"405",2013,9,1231.73985490708
"406",2013,10,973.794164324702
"407",2013,11,690.949446191813
"408",2013,12,446.166229764072
"409",2014,1,283.609182345375
"410",2014,2,254.102448359909
"411",2014,3,428.521783797659
"412",2014,4,935.600770176735
"413",2014,5,1488.6458785109
"414",2014,6,1698.96366025915
"415",2014,7,1730.75885477912
"416",2014,8,1510.4895455429
"417",2014,9,1192.89335218809
"418",2014,10,930.333619162609
"419",2014,11,703.188006871314
"420",2014,12,443.677835336789
"421",2015,1,289.548454911237
"422",2015,2,250.161071712782
"423",2015,3,451.885557329942
"424",2015,4,1254.15865918315
"425",2015,5,2019.99967577414
"426",2015,6,2102.82162287182
"427",2015,7,2287.56504715629
"428",2015,8,1812.03891994452
"429",2015,9,1382.19022491392
"430",2015,10,986.274266309363
"431",2015,11,669.735661915585
"432",2015,12,420.792417669206
"433",2016,1,292.422720373811
"434",2016,2,258.531286272897
"435",2016,3,459.765125689891
"436",2016,4,1591.0946212955
"437",2016,5,1897.50068646986
"438",2016,6,1836.8670936241
"439",2016,7,1798.77522192601
"440",2016,8,1491.37602696485
"441",2016,9,1168.63878453134
"442",2016,10,872.72567771835
"443",2016,11,583.224540303151
"444",2016,12,365.442706658606
"445",2017,1,248.896711656927
"446",2017,2,205.885489252615
"447",2017,3,435.163168317626
"448",2017,4,1056.78853779626
"449",2017,5,1502.1031575485
"450",2017,6,1547.10222583994
"451",2017,7,1415.89472548897
"452",2017,8,1192.25312270182
"453",2017,9,1020.23083258085
"454",2017,10,844.292642611166
"455",2017,11,606.879039580943
"456",2017,12,361.694348445001
"457",2018,1,213.374699676762
"458",2018,2,176.583472984236
"459",2018,3,327.228254031927
"460",2018,4,1046.66333115083
"461",2018,5,1745.94186700887
"462",2018,6,1928.71384564751
"463",2018,7,1968.28227391863
"464",2018,8,1491.93860166051
"465",2018,9,1209.97269599306
"466",2018,10,982.262133277134
"467",2018,11,736.293951236569
"468",2018,12,485.552054530214
"469",2019,1,303.407300559584
"470",2019,2,234.453369800945
"471",2019,3,360.467562603773
"472",2019,4,1089.29416845327
"473",2019,5,1912.25071412182
"474",2019,6,1907.09650116884
"475",2019,7,1883.59558236932
"476",2019,8,1492.60191016302
"477",2019,9,1226.68578506613
"478",2019,10,938.688824633191
"479",2019,11,639.258242813354
"480",2019,12,421.082660631184
"481",2020,1,270.223927980453
"482",2020,2,212.989455103174
"483",2020,3,420.420886298817
"484",2020,4,1235.63456086157
"485",2020,5,1568.95221752249
"486",2020,6,1723.88760957117
"487",2020,7,1798.99222322904
"488",2020,8,1448.60323591452
"489",2020,9,1324.64956857937
"490",2020,10,1021.99977172419
"491",2020,11,770.21313818751
"492",2020,12,462.398828563808
"493",2021,1,266.256748161858
"494",2021,2,201.717932198925
"495",2021,3,247.073243073412
"496",2021,4,799.352662537308
"497",2021,5,1362.24691349285
"498",2021,6,1357.84768999461
"499",2021,7,1418.91063794636
"500",2021,8,1239.03418084993
"501",2021,9,1177.24654895239
"502",2021,10,1018.58415551987
"503",2021,11,731.000453920855
"504",2021,12,443.401366910471
"505",2022,1,265.887318101051
"506",2022,2,205.076413539765
"507",2022,3,391.272498782452
"508",2022,4,811.471561888895
"509",2022,5,1361.42022926459
"510",2022,6,1599.59931035085
"511",2022,7,1712.02542629931
"512",2022,8,1411.91208279412
"513",2022,9,1018.37077828604
"514",2022,10,793.430204318894
"515",2022,11,583.629547052844
"516",2022,12,430.309745858185
"517",2023,1,304.576108313572
"518",2023,2,270.635390252393
"519",2023,3,628.535167492196
"520",2023,4,1461.81347484565
"521",2023,5,2047.6309593516
"522",2023,6,2110.27649877303
"523",2023,7,1885.1672735769
"524",2023,8,1645.0511315228
"525",2023,9,1318.04536009671
"526",2023,10,1022.58723310684
"527",2023,11,863.430289467486
"528",2023,12,534.191585453107
"529",2024,1,320.67788795463
"530",2024,2,244.970592895509
"531",2024,3,433.197746341295
"532",2024,4,1211.78826592025
"533",2024,5,2016.62542562158
"534",2024,6,2203.87517992141
"535",2024,7,1905.13852920936
"536",2024,8,1488.53995301178
"537",2024,9,1213.57604623387
"538",2024,10,975.071520187916
"539",2024,11,708.566524637823
"540",2024,12,446.633012362785
"541",2025,1,280.882119306386
"542",2025,2,237.435569110252
"543",2025,3,425.668753206458
"544",2025,4,1299.09949847216
"545",2025,5,2021.83559128434
"546",2025,6,1888.30391810592
"547",2025,7,1760.46056989436
"548",2025,8,1385.62295569384
"549",2025,9,1014.29104413276
"550",2025,10,786.116895524127
"551",2025,11,522.956158419599
"552",2025,12,324.969958618021
"553",2026,1,191.666868622658
"554",2026,2,166.916854867707
"555",2026,3,498.579815491297
"556",2026,4,1143.71468663165
"557",2026,5,1540.1058098286
"558",2026,6,1625.71397235789
"559",2026,7,1612.84882289709
"560",2026,8,1426.54118932763
"561",2026,9,1114.92186287808
"562",2026,10,841.683521204849
"563",2026,11,632.600915221179
"564",2026,12,384.171803947315
"565",2027,1,254.085848878042
"566",2027,2,212.700208623205
"567",2027,3,409.586137331667
"568",2027,4,1151.32745479265
"569",2027,5,1652.77822147457
"570",2027,6,1671.292969463
"571",2027,7,1564.199933185
"572",2027,8,1407.3602934847
"573",2027,9,1132.02925314628
"574",2027,10,835.872083308059
"575",2027,11,702.351484946617
"576",2027,12,425.33974477149
"577",2028,1,283.323251417353
"578",2028,2,251.324192010247
"579",2028,3,558.315760072624
"580",2028,4,1572.2254099305
"581",2028,5,1851.45800000734
"582",2028,6,1934.5283336446
"583",2028,7,1804.07416032264
"584",2028,8,1404.4585257329
"585",2028,9,1241.73316857506
"586",2028,10,999.565481840166
"587",2028,11,659.031320613124
"588",2028,12,367.62690427283
"589",2029,1,221.424769096242
"590",2029,2,186.659516905191
"591",2029,3,603.290398285302
"592",2029,4,1333.68124331342
"593",2029,5,1702.76690958622
"594",2029,6,1513.78607398922
"595",2029,7,1459.89373533624
"596",2029,8,1392.3969610081
"597",2029,9,1116.2101962076
"598",2029,10,994.202048458112
"599",2029,11,820.595814129722
"600",2029,12,481.457981494586
"601",2030,1,293.392438897455
"602",2030,2,218.353456054727
"603",2030,3,331.690070833449
"604",2030,4,894.961436943611
"605",2030,5,1516.96128099698
"606",2030,6,1596.68869432933
"607",2030,7,1655.65191140537
"608",2030,8,1333.50878322766
"609",2030,9,1030.39121459463
"610",2030,10,885.25103044722
"611",2030,11,709.483805891816
"612",2030,12,479.485346579746
"613",2031,1,303.066218491065
"614",2031,2,213.1873623548
"615",2031,3,367.844414097614
"616",2031,4,1139.83551451276
"617",2031,5,1594.25959648189
"618",2031,6,1473.97726547577
"619",2031,7,1457.70524052088
"620",2031,8,1400.67300827731
"621",2031,9,1111.0861961227
"622",2031,10,755.451238128136
"623",2031,11,557.809404061468
"624",2031,12,381.53935736183
"625",2032,1,238.025898014494
"626",2032,2,215.597093291009
"627",2032,3,438.709519516288
"628",2032,4,1159.94160556953
"629",2032,5,1797.24619624867
"630",2032,6,1776.09150947902
"631",2032,7,1744.63212766362
"632",2032,8,1536.60483220151
"633",2032,9,1150.26320890654
"634",2032,10,869.735151958242
"635",2032,11,654.970520569804
"636",2032,12,438.007860827558
"637",2033,1,281.807162140619
"638",2033,2,229.873190670732
"639",2033,3,614.901153197404
"640",2033,4,1376.07907518417
"641",2033,5,1919.65180842273
"642",2033,6,1898.6350799337
"643",2033,7,1755.28166006365
"644",2033,8,1421.06022145459
"645",2033,9,1149.10404234837
"646",2033,10,909.480577150546
"647",2033,11,619.754170814466
"648",2033,12,395.104566085635
"649",2034,1,242.311364792303
"650",2034,2,209.939206232771
"651",2034,3,392.181553996128
"652",2034,4,1077.06778091785
"653",2034,5,1463.91987635365
"654",2034,6,1720.03850518254
"655",2034,7,1752.28649298004
"656",2034,8,1428.83160724228
"657",2034,9,1094.71635502492
"658",2034,10,850.406675928852
"659",2034,11,586.276760254846
"660",2034,12,397.332146467357
"661",2035,1,251.713356735365
"662",2035,2,202.620047574568
"663",2035,3,367.19061899166
"664",2035,4,1173.90307294674
"665",2035,5,1855.48709608446
"666",2035,6,1969.08322588437
"667",2035,7,1779.20187093475
"668",2035,8,1218.94637942519
"669",2035,9,1060.16572172911
"670",2035,10,833.545216662833
"671",2035,11,598.89426208204
"672",2035,12,368.326944488219
"673",2036,1,224.809405231005
"674",2036,2,196.488670852832
"675",2036,3,390.264869363634
"676",2036,4,1030.59842168811
"677",2036,5,1586.73036325191
"678",2036,6,1664.65978911565
"679",2036,7,1661.21987869527
"680",2036,8,1449.36045756425
"681",2036,9,1125.07315236268
"682",2036,10,858.781420321512
"683",2036,11,648.394441683265
"684",2036,12,427.826339109225
"685",2037,1,258.729482581413
"686",2037,2,203.66328636495
"687",2037,3,294.015145056728
"688",2037,4,1175.17264007557
"689",2037,5,1644.53746498699
"690",2037,6,1558.74894281004
"691",2037,7,1645.84432510105
"692",2037,8,1350.15375224621
"693",2037,9,1189.46126369536
"694",2037,10,920.093728751615
"695",2037,11,635.889946386053
"696",2037,12,405.753340764461
"697",2038,1,250.119232089838
"698",2038,2,201.448573747803
"699",2038,3,423.31932175296
"700",2038,4,1150.26217509657
"701",2038,5,1665.58473180014
"702",2038,6,1751.37615353873
"703",2038,7,1641.42776809038
"704",2038,8,1388.18606277187
"705",2038,9,1203.19359969802
"706",2038,10,966.164567994642
"707",2038,11,709.330988703409
"708",2038,12,415.076630938071
"709",2039,1,271.550961393742
"710",2039,2,209.450437960303
"711",2039,3,377.784086832866
"712",2039,4,983.139418475763
"713",2039,5,1717.69311357094
"714",2039,6,1689.41566226852
"715",2039,7,1614.13001205646
"716",2039,8,1326.00521711217
"717",2039,9,1045.96295924423
"718",2039,10,806.302216088472
"719",2039,11,596.778626638173
"720",2039,12,365.631905495174
"721",2040,1,225.983903826058
"722",2040,2,177.557034824116
"723",2040,3,335.086774660901
"724",2040,4,924.777850490157
"725",2040,5,1856.62332642712
"726",2040,6,1897.42473220068
"727",2040,7,1770.37732755673
"728",2040,8,1421.17493194178
"729",2040,9,1236.53206801736
"730",2040,10,1004.67400614633
"731",2040,11,724.510203110757
"732",2040,12,433.643154540447
"733",2041,1,271.075869048079
"734",2041,2,241.685474572528
"735",2041,3,432.919463109796
"736",2041,4,1225.68602230043
"737",2041,5,1773.78289257714
"738",2041,6,1731.37590127526
"739",2041,7,1590.37130619461
"740",2041,8,1402.26903277931
"741",2041,9,1109.64721650436
"742",2041,10,848.4815040306
"743",2041,11,540.919226615777
"744",2041,12,323.534751108308
"745",2042,1,183.78753907544
"746",2042,2,154.483164061022
"747",2042,3,279.999435722509
"748",2042,4,866.844172972827
"749",2042,5,1508.96189843077
"750",2042,6,1568.6885203071
"751",2042,7,1548.67669429602
"752",2042,8,1263.72839556444
"753",2042,9,1126.21053643633
"754",2042,10,1045.32598907126
"755",2042,11,849.270045123436
"756",2042,12,555.062386342076
"757",2043,1,325.101004169557
"758",2043,2,235.036894268341
"759",2043,3,475.424849344953
"760",2043,4,1220.08944904923
"761",2043,5,1661.19625916975
"762",2043,6,1771.91442104428
"763",2043,7,1614.12110897993
"764",2043,8,1273.61405273996
"765",2043,9,1014.82919353747
"766",2043,10,811.511136483899
"767",2043,11,712.984286845339
"768",2043,12,467.104235506009
"769",2044,1,302.039687623148
"770",2044,2,228.038903492531
"771",2044,3,477.67704772337
"772",2044,4,1161.01885821987
"773",2044,5,1833.91602814529
"774",2044,6,2100.87599628127
"775",2044,7,1740.70469056088
"776",2044,8,1359.80584229365
"777",2044,9,1203.476542085
"778",2044,10,929.667289303948
"779",2044,11,630.055158195925
"780",2044,12,444.732467542605
"781",2045,1,286.373729885312
"782",2045,2,239.97665645813
"783",2045,3,632.238168428911
"784",2045,4,1460.89297129116
"785",2045,5,1799.78901092896
"786",2045,6,1705.16417357891
"787",2045,7,1644.8651762484
"788",2045,8,1376.02238658986
"789",2045,9,1173.38209704495
"790",2045,10,941.072980498348
"791",2045,11,659.577323160883
"792",2045,12,409.206293744096
"793",2046,1,253.862081288849
"794",2046,2,208.059434162156
"795",2046,3,459.872979811139
"796",2046,4,1078.0822276232
"797",2046,5,1552.43029471744
"798",2046,6,1554.14755508616
"799",2046,7,1493.31422195646
"800",2046,8,1221.66125766855
"801",2046,9,1012.88989980545
"802",2046,10,811.513506651632
"803",2046,11,601.834461821223
"804",2046,12,374.326329078603
"805",2047,1,247.090669074101
"806",2047,2,235.499939159947
"807",2047,3,367.95294065531
"808",2047,4,1153.28812529432
"809",2047,5,1791.49197345078
"810",2047,6,1637.892672954
"811",2047,7,1554.21596758702
"812",2047,8,1338.51323236298
"813",2047,9,1082.98085230932
"814",2047,10,953.588478868283
"815",2047,11,717.177332032084
"816",2047,12,419.3405798231
"817",2048,1,272.782713527043
"818",2048,2,243.70935899923
"819",2048,3,617.410025653945
"820",2048,4,1726.94685158007
"821",2048,5,1810.66222674505
"822",2048,6,1727.59284843851
"823",2048,7,1578.41507678675
"824",2048,8,1541.07737059437
"825",2048,9,1259.1047463106
"826",2048,10,1003.62613730119
"827",2048,11,655.431799989359
"828",2048,12,423.162863723625
"829",2049,1,266.935449048123
"830",2049,2,230.684073547783
"831",2049,3,438.532835391544
"832",2049,4,1275.27573959322
"833",2049,5,1687.33325523649
"834",2049,6,1672.98308670242
"835",2049,7,1525.12286299254
"836",2049,8,1240.60533797006
"837",2049,9,1035.11798886798
"838",2049,10,850.649267594491
"839",2049,11,634.768305761189
"840",2049,12,380.881868864291
"841",2050,1,234.305967688028
"842",2050,2,194.556729000277
"843",2050,3,339.277957894764
"844",2050,4,965.971584576824
"845",2050,5,1415.25009192892
"846",2050,6,1615.59721774623
"847",2050,7,1569.79771148687
"848",2050,8,1417.50732814602
"849",2050,9,1176.58647855457
"850",2050,10,887.558772450848
"851",2050,11,674.442733041977
"852",2050,12,456.350631172076
"853",2051,1,309.8118417592
"854",2051,2,279.651027542697
"855",2051,3,576.413235291926
"856",2051,4,1306.27392578318
"857",2051,5,1709.97780408793
"858",2051,6,1632.91121605133
"859",2051,7,1546.56975844166
"860",2051,8,1355.56150137545
"861",2051,9,1257.8283108445
"862",2051,10,1031.91252527099
"863",2051,11,728.921614406572
"864",2051,12,441.902771538112
"865",2052,1,258.226789589231
"866",2052,2,194.414432730338
"867",2052,3,420.9355147387
"868",2052,4,962.279513462867
"869",2052,5,1390.89803429171
"870",2052,6,1422.62604610178
"871",2052,7,1199.852034403
"872",2052,8,1144.57518754526
"873",2052,9,994.271447572285
"874",2052,10,791.421243656761
"875",2052,11,611.087231635385
"876",2052,12,384.013420969187
"877",2053,1,244.487914179785
"878",2053,2,221.07246608565
"879",2053,3,600.67813634806
"880",2053,4,1700.7941504899
"881",2053,5,1901.77984308539
"882",2053,6,1699.32671342166
"883",2053,7,1637.69262296399
"884",2053,8,1465.1485424268
"885",2053,9,1239.90343681836
"886",2053,10,948.608286631823
"887",2053,11,661.19736281014
"888",2053,12,421.667919838425
"889",2054,1,282.917355493356
"890",2054,2,242.822138748779
"891",2054,3,605.74606550126
"892",2054,4,1538.79354074099
"893",2054,5,1997.73471970376
"894",2054,6,1888.38590874499
"895",2054,7,1887.98934901981
"896",2054,8,1366.09738294383
"897",2054,9,1106.34848237595
"898",2054,10,811.616522338838
"899",2054,11,671.634691217607
"900",2054,12,487.96939307246
"901",2055,1,290.182881587201
"902",2055,2,216.410318269412
"903",2055,3,352.612671368194
"904",2055,4,927.124930293849
"905",2055,5,1515.01834891488
"906",2055,6,1629.30535637151
"907",2055,7,1580.9366924635
"908",2055,8,1324.75282611346
"909",2055,9,1126.58062567822
"910",2055,10,917.037026670837
"911",2055,11,656.705997065858
"912",2055,12,398.42247071846
"913",2056,1,233.664918544424
"914",2056,2,171.035249673442
"915",2056,3,569.350917729994
"916",2056,4,1526.86742252589
"917",2056,5,1812.48312101426
"918",2056,6,1682.83445709022
"919",2056,7,1566.21517336799
"920",2056,8,1466.13194098403
"921",2056,9,1143.71306914068
"922",2056,10,786.402975793064
"923",2056,11,569.729302877664
"924",2056,12,368.469978980792
"925",2057,1,234.43738507631
"926",2057,2,196.019832934897
"927",2057,3,504.611876333283
"928",2057,4,1362.41742730551
"929",2057,5,1623.68554813728
"930",2057,6,1659.0342164586
"931",2057,7,1623.28880917442
"932",2057,8,1383.20453328042
"933",2057,9,1237.86941013496
"934",2057,10,924.410113358809
"935",2057,11,620.579618277162
"936",2057,12,373.539122884793
"937",2058,1,237.780782937283
"938",2058,2,211.794336357066
"939",2058,3,515.275905631555
"940",2058,4,1463.50509075698
"941",2058,5,1975.76407675361
"942",2058,6,1771.70670155635
"943",2058,7,1793.42707653236
"944",2058,8,1411.56322319187
"945",2058,9,1063.44490061168
"946",2058,10,773.093535042106
"947",2058,11,510.539087150127
"948",2058,12,335.009854958885
"949",2059,1,199.537374601539
"950",2059,2,207.442647910965
"951",2059,3,459.900513644752
"952",2059,4,1206.18714452194
"953",2059,5,1758.11257335671
"954",2059,6,1761.50942799922
"955",2059,7,1639.28190459207
"956",2059,8,1383.36645801071
"957",2059,9,1171.73433929451
"958",2059,10,875.457761066874
"959",2059,11,612.151810739272
"960",2059,12,396.802596788496
"961",2060,1,246.99157752025
"962",2060,2,200.402666897482
"963",2060,3,472.395711468663
"964",2060,4,1432.5056242138
"965",2060,5,1895.29857637365
"966",2060,6,2119.66270637305
"967",2060,7,1959.12191683289
"968",2060,8,1353.45526137539
"969",2060,9,1064.40741927181
"970",2060,10,878.721181197526
"971",2060,11,582.477774465552
"972",2060,12,384.933170207639
"973",2061,1,235.138136025797
"974",2061,2,187.030003876504
"975",2061,3,503.752408725084
"976",2061,4,1234.40018768669
"977",2061,5,1673.52297296231
"978",2061,6,1521.25383958195
"979",2061,7,1537.48500251847
"980",2061,8,1366.19519972597
"981",2061,9,1145.59815944756
"982",2061,10,820.369160413129
"983",2061,11,565.001401244053
"984",2061,12,326.243557284322
"985",2062,1,212.404877044959
"986",2062,2,186.023577200701
"987",2062,3,596.651164416899
"988",2062,4,1331.29569062344
"989",2062,5,1569.75913981099
"990",2062,6,1523.80300841065
"991",2062,7,1516.65449119809
"992",2062,8,1291.05986174048
"993",2062,9,1120.54428121091
"994",2062,10,811.10249574392
"995",2062,11,551.299550377612
"996",2062,12,377.91919803484
"997",2063,1,232.11905412658
"998",2063,2,193.535541469694
"999",2063,3,356.643289358716
"1000",2063,4,1340.22164097714
"1001",2063,5,1751.93638430693
"1002",2063,6,1823.65917192761
"1003",2063,7,1639.28846451334
"1004",2063,8,1351.42931539448
"1005",2063,9,1134.12629106564
"1006",2063,10,870.77580474738
"1007",2063,11,558.968476037225
"1008",2063,12,315.079491057146
"1009",2064,1,201.759748612562
"1010",2064,2,198.978390071748
"1011",2064,3,514.985463219382
"1012",2064,4,1338.57290222543
"1013",2064,5,1798.55427470243
"1014",2064,6,1685.28684412488
"1015",2064,7,1699.50937447594
"1016",2064,8,1430.90245852435
"1017",2064,9,1216.22636723518
"1018",2064,10,1006.86739562036
"1019",2064,11,705.42421720612
"1020",2064,12,437.503880846243
"1021",2065,1,270.081586377152
"1022",2065,2,295.983117446453
"1023",2065,3,737.780811978563
"1024",2065,4,1734.07230044461
"1025",2065,5,2123.77130402538
"1026",2065,6,2013.15774832412
"1027",2065,7,1785.66262486834
"1028",2065,8,1493.5870508616
"1029",2065,9,1189.69305531748
"1030",2065,10,1014.01552939566
"1031",2065,11,666.399051099047
"1032",2065,12,397.341671366747
"1033",2066,1,261.507865733175
"1034",2066,2,231.764850833609
"1035",2066,3,491.074704974873
"1036",2066,4,1359.37727536764
"1037",2066,5,1738.14675197487
"1038",2066,6,1505.62994351471
"1039",2066,7,1522.91061083164
"1040",2066,8,1254.56189980136
"1041",2066,9,1018.36394101895
"1042",2066,10,716.252191003435
"1043",2066,11,494.324557528807
"1044",2066,12,322.745763283086
"1045",2067,1,210.742101678918
"1046",2067,2,175.224661150455
"1047",2067,3,364.861191481631
"1048",2067,4,1015.07707958838
"1049",2067,5,1564.54932868229
"1050",2067,6,1550.56686493685
"1051",2067,7,1440.10770839119
"1052",2067,8,1214.71787518432
"1053",2067,9,1046.66650403712
"1054",2067,10,814.830202148466
"1055",2067,11,707.008496989229
"1056",2067,12,433.007561899854
"1057",2068,1,270.834374391275
"1058",2068,2,242.340944363648
"1059",2068,3,715.521259721035
"1060",2068,4,1563.54953054984
"1061",2068,5,1841.55970096636
"1062",2068,6,1522.42299495723
"1063",2068,7,1332.54127331006
"1064",2068,8,1238.21960374724
"1065",2068,9,1063.89838582581
"1066",2068,10,768.189073594866
"1067",2068,11,582.422656574551
"1068",2068,12,377.802574102612
"1069",2069,1,221.509656020387
"1070",2069,2,208.763063769219
"1071",2069,3,606.142362992273
"1072",2069,4,1641.79689501136
"1073",2069,5,2096.30707187729
"1074",2069,6,1822.02365817557
"1075",2069,7,1740.18710626563
"1076",2069,8,1430.83969408365
"1077",2069,9,1198.54076304308
"1078",2069,10,915.57734543246
"1079",2069,11,650.363100926431
"1080",2069,12,432.12423561134
"1081",2070,1,255.979366118821
"1082",2070,2,190.009844294379
"1083",2070,3,376.057132788724
"1084",2070,4,1172.96371867033
"1085",2070,5,1520.81048103801
"1086",2070,6,1612.45460260379
"1087",2070,7,1580.43203514993
"1088",2070,8,1289.19511848947
"1089",2070,9,1068.82670562219
"1090",2070,10,807.581055242024
"1091",2070,11,627.457378843684
"1092",2070,12,398.341246034171
"1093",2071,1,238.08934523009
"1094",2071,2,202.037927164664
"1095",2071,3,491.0806701762
"1096",2071,4,1288.23866855297
"1097",2071,5,1885.5492065432
"1098",2071,6,1894.59588117873
"1099",2071,7,1802.06545380638
"1100",2071,8,1393.72562230998
"1101",2071,9,1254.36099747548
"1102",2071,10,890.986448737253
"1103",2071,11,597.099253088661
"1104",2071,12,399.349365208099
"1105",2072,1,253.851305004163
"1106",2072,2,207.113258714382
"1107",2072,3,470.947700607611
"1108",2072,4,1586.28117464252
"1109",2072,5,1926.10398627202
"1110",2072,6,1701.96383450939
"1111",2072,7,1655.12591223127
"1112",2072,8,1343.43723172986
"1113",2072,9,1138.93776922533
"1114",2072,10,820.19426576415
"1115",2072,11,558.833621154334
"1116",2072,12,329.285048837197
"1117",2073,1,205.429823261428
"1118",2073,2,170.25269447805
"1119",2073,3,468.99224151805
"1120",2073,4,1365.58968049934
"1121",2073,5,1886.44799355243
"1122",2073,6,1760.12495085517
"1123",2073,7,1595.8433458031
"1124",2073,8,1401.31927789358
"1125",2073,9,1139.78157145123
"1126",2073,10,878.064454370406
"1127",2073,11,584.092388463913
"1128",2073,12,339.445000843844
"1129",2074,1,205.540183527934
"1130",2074,2,160.59730698211
"1131",2074,3,381.054085184115
"1132",2074,4,1183.58943126249
"1133",2074,5,1703.05179150909
"1134",2074,6,1768.72607545442
"1135",2074,7,1577.43918530553
"1136",2074,8,1351.51803940948
"1137",2074,9,1255.81637614142
"1138",2074,10,921.187519935293
"1139",2074,11,653.884482284631
"1140",2074,12,422.439870505808
"1141",2075,1,266.914722250027
"1142",2075,2,188.846690206089
"1143",2075,3,391.653725349831
"1144",2075,4,1044.77728289606
"1145",2075,5,1453.03645626431
"1146",2075,6,1601.63796661795
"1147",2075,7,1607.65733434996
"1148",2075,8,1263.69303148615
"1149",2075,9,1109.55719816075
"1150",2075,10,886.040360841255
"1151",2075,11,757.582758702136
"1152",2075,12,477.854635653081
"1153",2076,1,268.078782520198
"1154",2076,2,312.865521188098
"1155",2076,3,691.791894008042
"1156",2076,4,1602.3882417964
"1157",2076,5,1981.50091855257
"1158",2076,6,1957.12906591676
"1159",2076,7,1826.57002040803
"1160",2076,8,1362.07835572208
"1161",2076,9,1124.27232487811
"1162",2076,10,995.529896385028
"1163",2076,11,782.980651358916
"1164",2076,12,482.185769517323
"1165",2077,1,310.07052581568
"1166",2077,2,286.363549345074
"1167",2077,3,731.527111505909
"1168",2077,4,1618.88345113107
"1169",2077,5,2078.89606847496
"1170",2077,6,1863.65450982073
"1171",2077,7,1846.79910903641
"1172",2077,8,1552.89611560095
"1173",2077,9,1248.45463008425
"1174",2077,10,926.122718758149
"1175",2077,11,602.500834513381
"1176",2077,12,426.751822387694
"1177",2078,1,270.163023493327
"1178",2078,2,204.608139439146
"1179",2078,3,382.17657980354
"1180",2078,4,1187.67188107235
"1181",2078,5,1779.35208345425
"1182",2078,6,1710.8448118193
"1183",2078,7,1515.8189417915
"1184",2078,8,1183.54452046986
"1185",2078,9,930.178778593972
"1186",2078,10,681.32662458559
"1187",2078,11,483.449975695916
"1188",2078,12,308.710495749178
"1189",2079,1,192.939675023816
"1190",2079,2,184.161354545365
"1191",2079,3,408.924337163196
"1192",2079,4,1019.034650518
"1193",2079,5,1651.17406030424
"1194",2079,6,1702.94596986649
"1195",2079,7,1508.41588348254
"1196",2079,8,1240.4090258308
"1197",2079,9,1010.27519202301
"1198",2079,10,739.091234621631
"1199",2079,11,554.388144191119
"1200",2079,12,331.729447640645
"1201",2080,1,209.260151454307
"1202",2080,2,176.994021082405
"1203",2080,3,343.66092445404
"1204",2080,4,1087.93206250583
"1205",2080,5,1656.76021200527
"1206",2080,6,1545.72127148621
"1207",2080,7,1487.51615463835
"1208",2080,8,1401.70516944062
"1209",2080,9,1137.62135504292
"1210",2080,10,794.096772760574
"1211",2080,11,607.40648079872
"1212",2080,12,399.794733914741
"1213",2081,1,241.145541734229
"1214",2081,2,191.652718567985
"1215",2081,3,715.234702292903
"1216",2081,4,1657.35753943044
"1217",2081,5,1841.00837815292
"1218",2081,6,1818.2698302675
"1219",2081,7,1703.17348601538
"1220",2081,8,1338.661775487
"1221",2081,9,1007.97463059996
"1222",2081,10,718.972203374034
"1223",2081,11,557.025006391484
"1224",2081,12,362.115378154286
"1225",2082,1,222.282235157494
"1226",2082,2,167.629312114831
"1227",2082,3,275.989428976119
"1228",2082,4,758.355937833595
"1229",2082,5,1271.71834713486
"1230",2082,6,1413.50645053709
"1231",2082,7,1445.93682770756
"1232",2082,8,1371.44959695556
"1233",2082,9,1047.30123505958
"1234",2082,10,770.872863595106
"1235",2082,11,517.061244786535
"1236",2082,12,309.869773865194
"1237",2083,1,183.177968948307
"1238",2083,2,138.865413345196
"1239",2083,3,254.572068487032
"1240",2083,4,742.82067822499
"1241",2083,5,1407.26867030847
"1242",2083,6,1402.01271682271
"1243",2083,7,1360.79903313977
"1244",2083,8,1231.15183963729
"1245",2083,9,1082.53386553807
"1246",2083,10,1009.96131953982
"1247",2083,11,668.385689961469
"1248",2083,12,402.78809092617
"1249",2084,1,243.457901579211
"1250",2084,2,184.677101411494
"1251",2084,3,675.632546779696
"1252",2084,4,1593.174272777
"1253",2084,5,1722.81439882352
"1254",2084,6,1700.93866516997
"1255",2084,7,1658.35240125814
"1256",2084,8,1432.91877540388
"1257",2084,9,1118.59167635279
"1258",2084,10,847.51548887943
"1259",2084,11,603.644041387405
"1260",2084,12,403.121087398134
"1261",2085,1,268.46363625776
"1262",2085,2,229.297004088652
"1263",2085,3,535.546520689613
"1264",2085,4,1443.13549632822
"1265",2085,5,1880.60765339831
"1266",2085,6,1890.78463083381
"1267",2085,7,1719.9066852909
"1268",2085,8,1480.00713766548
"1269",2085,9,1333.55386088858
"1270",2085,10,903.766278197112
"1271",2085,11,655.898580769396
"1272",2085,12,429.825197030454
"1273",2086,1,279.024976152263
"1274",2086,2,242.847955713456
"1275",2086,3,598.004533592249
"1276",2086,4,1364.60645535575
"1277",2086,5,1766.87539979409
"1278",2086,6,1670.7205494185
"1279",2086,7,1619.13626776541
"1280",2086,8,1470.64885648856
"1281",2086,9,1176.9505669727
"1282",2086,10,867.099859183674
"1283",2086,11,580.627037657869
"1284",2086,12,363.894775503078
"1285",2087,1,214.244456590338
"1286",2087,2,236.02377776114
"1287",2087,3,678.562918665345
"1288",2087,4,1431.61978970409
"1289",2087,5,1783.82264013216
"1290",2087,6,1688.21342708015
"1291",2087,7,1628.38416133101
"1292",2087,8,1276.54151942644
"1293",2087,9,1059.71270229335
"1294",2087,10,789.394060755837
"1295",2087,11,525.254291178478
"1296",2087,12,316.639027986367
"1297",2088,1,186.785081635537
"1298",2088,2,157.994595916036
"1299",2088,3,407.567723769701
"1300",2088,4,1131.17742849544
"1301",2088,5,1492.36219165888
"1302",2088,6,1585.15347336306
"1303",2088,7,1513.69994496089
"1304",2088,8,1241.20402263727
"1305",2088,9,995.972130372347
"1306",2088,10,710.689809920648
"1307",2088,11,465.192257302495
"1308",2088,12,267.909217336886
"1309",2089,1,165.084188326239
"1310",2089,2,151.146932252555
"1311",2089,3,300.182120991493
"1312",2089,4,903.216447861665
"1313",2089,5,1340.378913582
"1314",2089,6,1470.90188651918
"1315",2089,7,1549.36622622796
"1316",2089,8,1386.2016704724
"1317",2089,9,1105.33916768169
"1318",2089,10,801.430115486527
"1319",2089,11,575.16164894185
"1320",2089,12,359.03847740824
"1321",2090,1,215.427706070873
"1322",2090,2,195.26682749301
"1323",2090,3,594.299864891047
"1324",2090,4,1412.8960923663
"1325",2090,5,1921.06789263566
"1326",2090,6,1611.50575541175
"1327",2090,7,1556.10075052249
"1328",2090,8,1332.54466106302
"1329",2090,9,1065.97974624346
"1330",2090,10,844.452562015605
"1331",2090,11,519.865195521824
"1332",2090,12,315.037395548498
"1333",2091,1,199.448281717095
"1334",2091,2,168.80231433528
"1335",2091,3,456.68687571554
"1336",2091,4,1344.33619169197
"1337",2091,5,1756.27124429194
"1338",2091,6,1859.91743259252
"1339",2091,7,1788.44354514289
"1340",2091,8,1409.26226702935
"1341",2091,9,1234.4942125805
"1342",2091,10,1006.5649840942
"1343",2091,11,900.850616537524
"1344",2091,12,575.854837856586
"1345",2092,1,355.175324059363
"1346",2092,2,247.627023916241
"1347",2092,3,551.799533573685
"1348",2092,4,1535.25316648368
"1349",2092,5,1790.92413438265
"1350",2092,6,1718.58262544432
"1351",2092,7,1607.18959131301
"1352",2092,8,1372.79248029511
"1353",2092,9,1183.55445670246
"1354",2092,10,983.735605656073
"1355",2092,11,790.629023484075
"1356",2092,12,496.547553364712
"1357",2093,1,294.668543300666
"1358",2093,2,244.126653693708
"1359",2093,3,475.012995452708
"1360",2093,4,1096.2831915188
"1361",2093,5,1588.06972570619
"1362",2093,6,1578.66344459743
"1363",2093,7,1493.78474300618
"1364",2093,8,1228.54931652521
"1365",2093,9,961.253847720521
"1366",2093,10,687.012275955301
"1367",2093,11,513.999540564106
"1368",2093,12,327.891668282074
"1369",2094,1,200.630756188771
"1370",2094,2,162.428309564065
"1371",2094,3,337.366961719978
"1372",2094,4,920.639069286437
"1373",2094,5,1654.20995038037
"1374",2094,6,1788.28969124284
"1375",2094,7,1617.9885373637
"1376",2094,8,1348.73968449856
"1377",2094,9,946.733614482217
"1378",2094,10,855.760231322724
"1379",2094,11,591.733635103668
"1380",2094,12,364.976714062873
"1381",2095,1,212.244330328454
"1382",2095,2,208.309681874266
"1383",2095,3,445.011405706991
"1384",2095,4,1104.85807740379
"1385",2095,5,1790.25617892892
"1386",2095,6,1895.98676273293
"1387",2095,7,1739.17385019174
"1388",2095,8,1526.78620317323
"1389",2095,9,1166.10929547467
"1390",2095,10,854.953948908647
"1391",2095,11,635.846671287612
"1392",2095,12,403.739629404781
"1393",2096,1,244.292082661497
"1394",2096,2,226.562154414463
"1395",2096,3,735.413201021267
"1396",2096,4,1689.67781945943
"1397",2096,5,1889.2082313193
"1398",2096,6,1685.10535622751
"1399",2096,7,1572.56505647294
"1400",2096,8,1308.01713938345
"1401",2096,9,1028.00247629341
"1402",2096,10,740.581224612
"1403",2096,11,564.46654296276
"1404",2096,12,387.301126629759
"1405",2097,1,277.941368271
"1406",2097,2,212.001869067891
"1407",2097,3,378.375715932285
"1408",2097,4,1121.20657630893
"1409",2097,5,1494.00510084915
"1410",2097,6,1497.55057343336
"1411",2097,7,1475.40678372854
"1412",2097,8,1219.57021509373
"1413",2097,9,1041.91075520876
"1414",2097,10,756.868115689413
"1415",2097,11,532.403551631327
"1416",2097,12,323.940463193493
"1417",2098,1,188.724658487016
"1418",2098,2,163.828151782727
"1419",2098,3,273.351502654812
"1420",2098,4,795.920864263019
"1421",2098,5,1589.93085437896
"1422",2098,6,1592.86386956046
"1423",2098,7,1657.53988908836
"1424",2098,8,1366.11566138925
"1425",2098,9,1071.6310133666
"1426",2098,10,883.394736144977
"1427",2098,11,659.97744131777
"1428",2098,12,417.475770436935
"1429",2099,1,255.474669755203
"1430",2099,2,189.593329813902
"1431",2099,3,328.784766189921
"1432",2099,4,996.241310441562
"1433",2099,5,1482.1406321147
"1434",2099,6,1390.84025359247
"1435",2099,7,1451.25500245484
"1436",2099,8,1270.00912375033
"1437",2099,9,1001.82603878605
"1438",2099,10,749.792191361968
"1439",2099,11,478.100755343878
"1440",2099,12,279.531345292155
