"","date","PP"
"1",1980-01-01,1.32743371086017
"2",1980-02-01,1.05135314685619
"3",1980-03-01,1.79812000948469
"4",1980-04-01,1.59860455801355
"5",1980-05-01,1.23508045024285
"6",1980-06-01,1.35053592186742
"7",1980-07-01,1.36076893448635
"8",1980-08-01,1.14786614287454
"9",1980-09-01,1.15480057452488
"10",1980-10-01,1.15093249411467
"11",1980-11-01,0.961265432814364
"12",1980-12-01,1.02797784207112
"13",1981-01-01,1.00325129448776
"14",1981-02-01,0.952719041957233
"15",1981-03-01,0.424662381611947
"16",1981-04-01,1.0107606341098
"17",1981-05-01,0.728338621349934
"18",1981-06-01,0.875849586275684
"19",1981-07-01,0.855522089012468
"20",1981-08-01,0.921146700072079
"21",1981-09-01,0.726313723516911
"22",1981-10-01,1.01474015721847
"23",1981-11-01,0.930626593684467
"24",1981-12-01,1.0004536609793
"25",1982-01-01,1.11588546535558
"26",1982-02-01,1.16802557703835
"27",1982-03-01,0.646485767475309
"28",1982-04-01,0.613899192695279
"29",1982-05-01,0.845583730281612
"30",1982-06-01,0.807346837763019
"31",1982-07-01,0.835997391120311
"32",1982-08-01,0.892867730119048
"33",1982-09-01,1.02731278402702
"34",1982-10-01,1.14828064840574
"35",1982-11-01,1.07759476220487
"36",1982-12-01,1.02509271794168
"37",1983-01-01,1.04740171971951
"38",1983-02-01,0.89951593683424
"39",1983-03-01,1.17031639595302
"40",1983-04-01,1.01374825797855
"41",1983-05-01,1.02901311459602
"42",1983-06-01,0.934014653878033
"43",1983-07-01,1.00200914062598
"44",1983-08-01,0.938905466387824
"45",1983-09-01,0.869846600978605
"46",1983-10-01,1.21641153719557
"47",1983-11-01,1.07912331402343
"48",1983-12-01,1.04834864676932
"49",1984-01-01,1.03596218661748
"50",1984-02-01,1.12291791355439
"51",1984-03-01,0.787065184630053
"52",1984-04-01,0.678385542412765
"53",1984-05-01,0.952035286355641
"54",1984-06-01,0.823031981937589
"55",1984-07-01,0.91780865900394
"56",1984-08-01,0.890976166183345
"57",1984-09-01,0.933662514917349
"58",1984-10-01,0.989469632750331
"59",1984-11-01,0.914429493220704
"60",1984-12-01,1.06510436766305
"61",1985-01-01,1.04509100668978
"62",1985-02-01,1.43464895100394
"63",1985-03-01,0.697862217326669
"64",1985-04-01,1.0306941896282
"65",1985-05-01,0.9561729640205
"66",1985-06-01,1.04528538526762
"67",1985-07-01,1.12928320187529
"68",1985-08-01,1.00610101001462
"69",1985-09-01,0.982507958790887
"70",1985-10-01,0.885190776706051
"71",1985-11-01,0.953021186266806
"72",1985-12-01,1.02455865139851
"73",1986-01-01,1.04300535195426
"74",1986-02-01,1.04716101169081
"75",1986-03-01,0.578950580021011
"76",1986-04-01,0.934111384921123
"77",1986-05-01,1.18834179585196
"78",1986-06-01,0.877467815379546
"79",1986-07-01,1.00983033686283
"80",1986-08-01,0.943228233153254
"81",1986-09-01,1.14402932297088
"82",1986-10-01,0.928887833400102
"83",1986-11-01,1.09280738987233
"84",1986-12-01,1.03651250545004
"85",1987-01-01,1.05673944933558
"86",1987-02-01,1.11922308915358
"87",1987-03-01,0.419974292117799
"88",1987-04-01,1.12253344670761
"89",1987-05-01,1.20050032166973
"90",1987-06-01,1.22514061853913
"91",1987-07-01,1.11213795626899
"92",1987-08-01,0.979525239613626
"93",1987-09-01,1.18578233537923
"94",1987-10-01,1.10027158457871
"95",1987-11-01,0.959762672218219
"96",1987-12-01,1.02371026565266
"97",1988-01-01,1.0108203258218
"98",1988-02-01,1.03659028695832
"99",1988-03-01,0.663431719994952
"100",1988-04-01,0.659746169960878
"101",1988-05-01,0.991424527598552
"102",1988-06-01,0.923093105878103
"103",1988-07-01,0.97274745587151
"104",1988-08-01,0.902114116561479
"105",1988-09-01,0.853388638656303
"106",1988-10-01,0.948824845586089
"107",1988-11-01,0.885317948981868
"108",1988-12-01,1.05649211902892
"109",1989-01-01,0.991185142103266
"110",1989-02-01,0.880358439272538
"111",1989-03-01,0.713049824790287
"112",1989-04-01,0.747506992690899
"113",1989-05-01,1.19018194146324
"114",1989-06-01,0.80118168365676
"115",1989-07-01,0.811108674387829
"116",1989-08-01,0.642263855111582
"117",1989-09-01,0.680719800624496
"118",1989-10-01,0.819074740115395
"119",1989-11-01,0.965325814558687
"120",1989-12-01,1.05583938170454
"121",1990-01-01,1.02230179009315
"122",1990-02-01,1.1318808053648
"123",1990-03-01,0.512089984933409
"124",1990-04-01,1.22827275075692
"125",1990-05-01,0.898498408225738
"126",1990-06-01,1.07483805404727
"127",1990-07-01,1.04293376535156
"128",1990-08-01,1.16672489413343
"129",1990-09-01,1.25733017833599
"130",1990-10-01,1.34469736383895
"131",1990-11-01,1.12602407352736
"132",1990-12-01,1.06416872030303
"133",1991-01-01,1.04711016979583
"134",1991-02-01,0.968966320758997
"135",1991-03-01,0.839075960590077
"136",1991-04-01,0.766717994001802
"137",1991-05-01,0.870556092574748
"138",1991-06-01,0.791520007086628
"139",1991-07-01,0.934474935951478
"140",1991-08-01,1.02595553548787
"141",1991-09-01,0.742123722172493
"142",1991-10-01,1.14170636524507
"143",1991-11-01,0.973028846200194
"144",1991-12-01,1.0497043800822
"145",1992-01-01,1.04850045833823
"146",1992-02-01,1.04796563890535
"147",1992-03-01,0.631218686490745
"148",1992-04-01,1.1344811926985
"149",1992-05-01,0.993303610945657
"150",1992-06-01,1.10802284115852
"151",1992-07-01,0.71463698872193
"152",1992-08-01,0.782155208675878
"153",1992-09-01,0.823430859819195
"154",1992-10-01,1.1879466700494
"155",1992-11-01,0.944054091509082
"156",1992-12-01,1.01514116457313
"157",1993-01-01,1.05082611906902
"158",1993-02-01,1.04566497808581
"159",1993-03-01,0.683682697394629
"160",1993-04-01,0.991116014141655
"161",1993-05-01,1.11686155660534
"162",1993-06-01,1.01340731360783
"163",1993-07-01,1.03612088338722
"164",1993-08-01,1.05041741623209
"165",1993-09-01,0.985100724470989
"166",1993-10-01,1.02097152259432
"167",1993-11-01,0.981004457087518
"168",1993-12-01,1.08324426484916
"169",1994-01-01,1.02942911358516
"170",1994-02-01,0.887444383145911
"171",1994-03-01,0.797826100784926
"172",1994-04-01,1.06776040630924
"173",1994-05-01,1.20490569274284
"174",1994-06-01,1.23613291375437
"175",1994-07-01,1.03326479074997
"176",1994-08-01,1.11829242929676
"177",1994-09-01,1.1380185097712
"178",1994-10-01,1.29537005762581
"179",1994-11-01,1.03943775715371
"180",1994-12-01,1.02403168969357
"181",1995-01-01,1.05848878713901
"182",1995-02-01,0.935573774240036
"183",1995-03-01,0.794953694115227
"184",1995-04-01,1.16255082102755
"185",1995-05-01,1.0760331799039
"186",1995-06-01,1.29347991893091
"187",1995-07-01,1.07162965480499
"188",1995-08-01,0.899260241977395
"189",1995-09-01,1.11156729621979
"190",1995-10-01,1.08491108030558
"191",1995-11-01,1.06128498993273
"192",1995-12-01,1.03795704685139
"193",1996-01-01,1.05396691228261
"194",1996-02-01,1.03369646399435
"195",1996-03-01,0.999316712709434
"196",1996-04-01,1.26948676245947
"197",1996-05-01,1.19872322127041
"198",1996-06-01,1.22364593315396
"199",1996-07-01,1.25305125822542
"200",1996-08-01,1.02782715941545
"201",1996-09-01,1.12582898567276
"202",1996-10-01,0.891578733257778
"203",1996-11-01,1.18132542760743
"204",1996-12-01,1.02048744004255
"205",1997-01-01,1.02187188019116
"206",1997-02-01,0.932297959630729
"207",1997-03-01,0.35072312605503
"208",1997-04-01,1.18549994782441
"209",1997-05-01,0.969884319487335
"210",1997-06-01,1.14531287583302
"211",1997-07-01,0.98310497148021
"212",1997-08-01,0.886576459587351
"213",1997-09-01,0.803624378229052
"214",1997-10-01,1.12461218112302
"215",1997-11-01,1.00546788906003
"216",1997-12-01,1.02003968671653
"217",1998-01-01,1.0513616559017
"218",1998-02-01,1.01823822125798
"219",1998-03-01,0.733557942535442
"220",1998-04-01,1.27732332453679
"221",1998-05-01,0.923387912582033
"222",1998-06-01,0.920571855683778
"223",1998-07-01,0.957824404431902
"224",1998-08-01,1.02567627428464
"225",1998-09-01,1.04716864342997
"226",1998-10-01,1.09250882790295
"227",1998-11-01,1.11141280960107
"228",1998-12-01,1.04463130202551
"229",1999-01-01,1.02551546406569
"230",1999-02-01,0.86420681873932
"231",1999-03-01,1.57905279059473
"232",1999-04-01,1.20124626451726
"233",1999-05-01,1.03568997582979
"234",1999-06-01,1.19322672270313
"235",1999-07-01,1.06104106922252
"236",1999-08-01,1.0409436146556
"237",1999-09-01,0.967208618274058
"238",1999-10-01,1.06672146164627
"239",1999-11-01,0.96734751876421
"240",1999-12-01,1.00229326199394
"241",2000-01-01,0.969156634445426
"242",2000-02-01,0.896650185181193
"243",2000-03-01,0.566882401445249
"244",2000-04-01,1.01602707171432
"245",2000-05-01,1.05102475557281
"246",2000-06-01,1.14997550906834
"247",2000-07-01,0.926543922867976
"248",2000-08-01,1.10513343185524
"249",2000-09-01,0.974994907519924
"250",2000-10-01,1.27814713078547
"251",2000-11-01,0.950683213981147
"252",2000-12-01,1.03593373824171
"253",2001-01-01,1.04946751837174
"254",2001-02-01,0.878542397726054
"255",2001-03-01,0.804667258465359
"256",2001-04-01,0.567568110071071
"257",2001-05-01,0.989587458667487
"258",2001-06-01,0.630636781484444
"259",2001-07-01,0.87336832958996
"260",2001-08-01,0.70759836439294
"261",2001-09-01,0.735959816560487
"262",2001-10-01,0.861069643913672
"263",2001-11-01,0.966362657099624
"264",2001-12-01,0.996595885796062
"265",2002-01-01,1.02397900972893
"266",2002-02-01,0.925914471424618
"267",2002-03-01,1.09633608284879
"268",2002-04-01,0.855376689894048
"269",2002-05-01,0.803681875878405
"270",2002-06-01,1.09259856844459
"271",2002-07-01,0.909332728209392
"272",2002-08-01,0.844223177203117
"273",2002-09-01,0.942039755365442
"274",2002-10-01,0.928843935305445
"275",2002-11-01,1.02479005839138
"276",2002-12-01,1.03932218766028
"277",2003-01-01,1.048746571108
"278",2003-02-01,0.844561845254346
"279",2003-03-01,1.08620439192133
"280",2003-04-01,0.859176967459485
"281",2003-05-01,0.885176500047029
"282",2003-06-01,1.18776109348527
"283",2003-07-01,0.833847455829699
"284",2003-08-01,0.773770295181164
"285",2003-09-01,1.00651809481495
"286",2003-10-01,0.832937284199924
"287",2003-11-01,1.00365993028856
"288",2003-12-01,1.0421457920417
"289",2004-01-01,0.987989982746747
"290",2004-02-01,0.798672643507622
"291",2004-03-01,1.0458511021387
"292",2004-04-01,0.861565085669028
"293",2004-05-01,1.07849481062771
"294",2004-06-01,1.08118963334433
"295",2004-07-01,0.918612401686452
"296",2004-08-01,0.974010934396926
"297",2004-09-01,1.01424096787633
"298",2004-10-01,0.998715814102595
"299",2004-11-01,0.948839428948495
"300",2004-12-01,1.02838831925682
"301",2005-01-01,1.04744114716961
"302",2005-02-01,1.05316421261922
"303",2005-03-01,0.519263666026754
"304",2005-04-01,1.09286695703947
"305",2005-05-01,1.0318258232426
"306",2005-06-01,1.0167659749179
"307",2005-07-01,0.996248116895806
"308",2005-08-01,1.00952005880562
"309",2005-09-01,0.770824270890004
"310",2005-10-01,0.865011873977246
"311",2005-11-01,0.937369137175336
"312",2005-12-01,1.02967450107101
"313",2006-01-01,1.05387566582494
"314",2006-02-01,0.996188967015092
"315",2006-03-01,0.966806918517278
"316",2006-04-01,0.693280081359001
"317",2006-05-01,0.701740967791816
"318",2006-06-01,1.12968913735488
"319",2006-07-01,1.08829962019602
"320",2006-08-01,0.988468747599391
"321",2006-09-01,1.09646032127818
"322",2006-10-01,1.03147649769337
"323",2006-11-01,1.06949777698096
"324",2006-12-01,1.04124560802419
"325",2007-01-01,1.00893332383116
"326",2007-02-01,0.901180149172602
"327",2007-03-01,0.832322823472518
"328",2007-04-01,0.98208032501395
"329",2007-05-01,1.07456308891547
"330",2007-06-01,1.26096590492757
"331",2007-07-01,1.01968335331095
"332",2007-08-01,0.892046292047748
"333",2007-09-01,1.0151034889163
"334",2007-10-01,0.859581243255645
"335",2007-11-01,1.19179752542231
"336",2007-12-01,1.06686161763802
"337",2008-01-01,1.0154369236516
"338",2008-02-01,1.03631522100258
"339",2008-03-01,0.424797731167004
"340",2008-04-01,1.1939209620411
"341",2008-05-01,1.40362400842646
"342",2008-06-01,1.37344550441642
"343",2008-07-01,1.25408673766937
"344",2008-08-01,1.35903774054181
"345",2008-09-01,1.20083679898247
"346",2008-10-01,0.947967841748189
"347",2008-11-01,0.952521454916748
"348",2008-12-01,1.04239215367761
"349",2009-01-01,1.07474088961706
"350",2009-02-01,0.932593555647809
"351",2009-03-01,0.843538980012355
"352",2009-04-01,1.21566981160877
"353",2009-05-01,1.10547606380812
"354",2009-06-01,0.833757970338262
"355",2009-07-01,1.07438382965572
"356",2009-08-01,0.98766341954082
"357",2009-09-01,1.25894887154124
"358",2009-10-01,0.935676651607416
"359",2009-11-01,0.969731605033669
"360",2009-12-01,1.04893280558036
"361",2010-01-01,1.03748597320244
"362",2010-02-01,0.950713886914105
"363",2010-03-01,0.648325487821531
"364",2010-04-01,1.03896356173042
"365",2010-05-01,1.29156931421919
"366",2010-06-01,0.808523803624281
"367",2010-07-01,0.871900116643901
"368",2010-08-01,0.782070429392119
"369",2010-09-01,0.98630233483109
"370",2010-10-01,0.733761440225184
"371",2010-11-01,1.14922266861942
"372",2010-12-01,1.06126131751255
"373",2011-01-01,0.993620430538092
"374",2011-02-01,0.92167050278106
"375",2011-03-01,1.04245172595563
"376",2011-04-01,0.841152939909272
"377",2011-05-01,0.862267186168326
"378",2011-06-01,0.737202325693185
"379",2011-07-01,0.922469576540366
"380",2011-08-01,0.756197532167215
"381",2011-09-01,0.733977844807387
"382",2011-10-01,0.838951110669747
"383",2011-11-01,0.920324921749452
"384",2011-12-01,1.07125966215911
"385",2012-01-01,1.04702197140325
"386",2012-02-01,0.913738440033011
"387",2012-03-01,1.38126460665118
"388",2012-04-01,1.04550095903858
"389",2012-05-01,0.982316886769942
"390",2012-06-01,0.855229806601533
"391",2012-07-01,1.10646019883487
"392",2012-08-01,1.03818720569687
"393",2012-09-01,1.02686512520105
"394",2012-10-01,1.12757628806804
"395",2012-11-01,0.958428440833106
"396",2012-12-01,1.0561754447186
"397",2013-01-01,0.977181266040259
"398",2013-02-01,0.960613576826836
"399",2013-03-01,0.638317357379258
"400",2013-04-01,0.72672884389816
"401",2013-05-01,1.2911488634223
"402",2013-06-01,1.06606274494676
"403",2013-07-01,0.920008758396275
"404",2013-08-01,0.906694517648255
"405",2013-09-01,1.01248669470826
"406",2013-10-01,0.955758287547489
"407",2013-11-01,0.913978763590339
"408",2013-12-01,1.04425747950614
"409",2014-01-01,1.05026612581043
"410",2014-02-01,1.11884679136193
"411",2014-03-01,0.75416962776697
"412",2014-04-01,0.763383325866234
"413",2014-05-01,1.06962810973006
"414",2014-06-01,1.08018730543064
"415",2014-07-01,1.06223219888068
"416",2014-08-01,0.919133702222081
"417",2014-09-01,0.921789091483536
"418",2014-10-01,0.902834801606586
"419",2014-11-01,1.02941739884339
"420",2014-12-01,1.09406180976786
"421",2015-01-01,1.06274602570647
"422",2015-02-01,1.04237658777018
"423",2015-03-01,0.378365498300104
"424",2015-04-01,1.22836418866432
"425",2015-05-01,1.13395391639419
"426",2015-06-01,1.67723559680273
"427",2015-07-01,1.75721164911098
"428",2015-08-01,1.45762310359041
"429",2015-09-01,1.22314612730885
"430",2015-10-01,1.00363922754936
"431",2015-11-01,0.95225112410991
"432",2015-12-01,1.05008396295763
"433",2016-01-01,1.03368725531443
"434",2016-02-01,0.878851153587377
"435",2016-03-01,1.47780780908918
"436",2016-04-01,1.26103854563144
"437",2016-05-01,0.803309709972509
"438",2016-06-01,1.28051413657849
"439",2016-07-01,1.10490444389947
"440",2016-08-01,1.08664827387881
"441",2016-09-01,1.06813359093608
"442",2016-10-01,0.93243072836529
"443",2016-11-01,0.973964728743439
"444",2016-12-01,1.04248118664685
"445",2017-01-01,1.04439104823614
"446",2017-02-01,0.967494411824966
"447",2017-03-01,1.29834754625992
"448",2017-04-01,0.913106634050915
"449",2017-05-01,0.765532723132428
"450",2017-06-01,0.618982116285567
"451",2017-07-01,0.907615434511247
"452",2017-08-01,0.967295311294484
"453",2017-09-01,0.814101812374189
"454",2017-10-01,1.01205639816522
"455",2017-11-01,1.01903900050978
"456",2017-12-01,1.05791226294651
"457",2018-01-01,1.01210951743711
"458",2018-02-01,0.937134185848399
"459",2018-03-01,0.5452695157607
"460",2018-04-01,1.01033396392899
"461",2018-05-01,1.12823546018415
"462",2018-06-01,1.04061377288513
"463",2018-07-01,1.22645049453857
"464",2018-08-01,0.991648657837663
"465",2018-09-01,1.03491473635225
"466",2018-10-01,0.891595884877657
"467",2018-11-01,1.02818536202464
"468",2018-12-01,1.02047276371115
"469",2019-01-01,1.01342635728538
"470",2019-02-01,0.891963000770322
"471",2019-03-01,0.418030592301435
"472",2019-04-01,1.6045832208945
"473",2019-05-01,1.30565538447184
"474",2019-06-01,1.41345602699252
"475",2019-07-01,1.32255403441051
"476",2019-08-01,1.00723339090596
"477",2019-09-01,1.03937698831116
"478",2019-10-01,0.994322372252184
"479",2019-11-01,1.12368533053321
"480",2019-12-01,1.02329223261223
"481",2020-01-01,1.04813848041385
"482",2020-02-01,0.987604127959038
"483",2020-03-01,0.947128882825834
"484",2020-04-01,0.733948888723966
"485",2020-05-01,0.908018160891745
"486",2020-06-01,1.23850573788059
"487",2020-07-01,1.36644073351032
"488",2020-08-01,1.18068951693099
"489",2020-09-01,1.51418855493099
"490",2020-10-01,1.28134801961493
"491",2020-11-01,1.12844132912361
"492",2020-12-01,1.00885986380048
"493",2021-01-01,1.02490827531268
"494",2021-02-01,0.920023672119737
"495",2021-03-01,0.412568039067415
"496",2021-04-01,1.07533707961159
"497",2021-05-01,0.74119392013336
"498",2021-06-01,0.66128084894821
"499",2021-07-01,0.705513819140641
"500",2021-08-01,0.757825105626747
"501",2021-09-01,0.891989318183284
"502",2021-10-01,1.14066252097292
"503",2021-11-01,0.992112172615604
"504",2021-12-01,1.00351400409084
"505",2022-01-01,1.00727193885486
"506",2022-02-01,0.960319854069015
"507",2022-03-01,0.533932121212302
"508",2022-04-01,0.78533208724342
"509",2022-05-01,0.904953423424598
"510",2022-06-01,0.930493061434924
"511",2022-07-01,1.00627909910007
"512",2022-08-01,0.842322336532913
"513",2022-09-01,0.771132952274706
"514",2022-10-01,1.06065702571457
"515",2022-11-01,1.0367396244148
"516",2022-12-01,1.05473709305998
"517",2023-01-01,1.05183614638511
"518",2023-02-01,1.17321211931801
"519",2023-03-01,0.866975330201935
"520",2023-04-01,1.17581451338685
"521",2023-05-01,1.35332104635116
"522",2023-06-01,1.12397934981667
"523",2023-07-01,1.11592208489371
"524",2023-08-01,0.974997454812873
"525",2023-09-01,1.19462836593436
"526",2023-10-01,1.24334469808496
"527",2023-11-01,1.09118012537481
"528",2023-12-01,1.04617898034359
"529",2024-01-01,0.994485781078819
"530",2024-02-01,0.988925027016655
"531",2024-03-01,0.943611348318088
"532",2024-04-01,1.11972712644816
"533",2024-05-01,1.51791094894978
"534",2024-06-01,1.70786983176219
"535",2024-07-01,1.40603417570895
"536",2024-08-01,1.13072326889119
"537",2024-09-01,1.21159254823071
"538",2024-10-01,0.988164165267312
"539",2024-11-01,0.972574707973457
"540",2024-12-01,1.02384670241871
"541",2025-01-01,1.04856312412136
"542",2025-02-01,0.953649090858637
"543",2025-03-01,1.0540740718683
"544",2025-04-01,1.26119623509814
"545",2025-05-01,1.40277192637598
"546",2025-06-01,1.38751366759323
"547",2025-07-01,0.93167548622669
"548",2025-08-01,1.1177144256602
"549",2025-09-01,0.941497506870073
"550",2025-10-01,0.930692065595256
"551",2025-11-01,0.976759172002804
"552",2025-12-01,1.0220229168744
"553",2026-01-01,1.04918279634853
"554",2026-02-01,1.39417850185445
"555",2026-03-01,1.00304915858387
"556",2026-04-01,1.19199861953083
"557",2026-05-01,0.978228425874567
"558",2026-06-01,0.980255444994484
"559",2026-07-01,0.991915627277226
"560",2026-08-01,1.03449532357693
"561",2026-09-01,0.884055280169038
"562",2026-10-01,1.14315101967036
"563",2026-11-01,0.966729619952231
"564",2026-12-01,1.04720407051209
"565",2027-01-01,1.02264658197908
"566",2027-02-01,1.03816254590477
"567",2027-03-01,1.0575379305919
"568",2027-04-01,0.737254553024131
"569",2027-05-01,0.949897197946595
"570",2027-06-01,0.837633651415692
"571",2027-07-01,0.878685550974223
"572",2027-08-01,1.0369065035285
"573",2027-09-01,0.997266229096309
"574",2027-10-01,1.03708969193728
"575",2027-11-01,1.00645686587895
"576",2027-12-01,1.06088572431219
"577",2028-01-01,1.0455923705061
"578",2028-02-01,0.944407551992638
"579",2028-03-01,1.57538243970532
"580",2028-04-01,0.901228764238251
"581",2028-05-01,1.20674404296397
"582",2028-06-01,1.28900628023454
"583",2028-07-01,0.932919234627958
"584",2028-08-01,1.02639339629184
"585",2028-09-01,1.32299565216166
"586",2028-10-01,1.0406011928177
"587",2028-11-01,0.978038935591816
"588",2028-12-01,1.02575827987721
"589",2029-01-01,1.09947930992284
"590",2029-02-01,1.01981354550897
"591",2029-03-01,1.53263085249351
"592",2029-04-01,0.892318777449628
"593",2029-05-01,0.870752040103547
"594",2029-06-01,0.792661908320452
"595",2029-07-01,1.12029839515681
"596",2029-08-01,1.23228226736054
"597",2029-09-01,1.01565437275402
"598",2029-10-01,1.41449452254894
"599",2029-11-01,1.13421782276336
"600",2029-12-01,1.0395051117149
"601",2030-01-01,1.08279432056464
"602",2030-02-01,0.843214632578218
"603",2030-03-01,0.934670253984118
"604",2030-04-01,0.866025664404563
"605",2030-05-01,1.06177231100826
"606",2030-06-01,0.947202974560308
"607",2030-07-01,0.916802168933308
"608",2030-08-01,1.04876007641391
"609",2030-09-01,1.05177759190373
"610",2030-10-01,1.27522213244996
"611",2030-11-01,1.14675839137397
"612",2030-12-01,1.02795312985632
"613",2031-01-01,0.995237953485053
"614",2031-02-01,0.831782859903493
"615",2031-03-01,1.32943701301366
"616",2031-04-01,0.887379366683125
"617",2031-05-01,0.798154746220627
"618",2031-06-01,0.839673345854461
"619",2031-07-01,0.875626817470817
"620",2031-08-01,1.08259928825949
"621",2031-09-01,0.998443294357267
"622",2031-10-01,0.950436459822126
"623",2031-11-01,1.06899071679357
"624",2031-12-01,1.03210245532021
"625",2032-01-01,1.08147525317524
"626",2032-02-01,1.08451657167285
"627",2032-03-01,0.842561567195173
"628",2032-04-01,0.883390141800101
"629",2032-05-01,0.956439988750742
"630",2032-06-01,1.10992625697726
"631",2032-07-01,1.17341687241119
"632",2032-08-01,1.20884503120323
"633",2032-09-01,1.13287279355559
"634",2032-10-01,1.04888036743731
"635",2032-11-01,1.09138689630016
"636",2032-12-01,1.05050166609716
"637",2033-01-01,1.0284593575915
"638",2033-02-01,1.12093871488952
"639",2033-03-01,1.44320515157415
"640",2033-04-01,0.934982004725962
"641",2033-05-01,1.25242490180728
"642",2033-06-01,1.09752088422983
"643",2033-07-01,1.0498959179215
"644",2033-08-01,1.02217114239957
"645",2033-09-01,1.08975498378271
"646",2033-10-01,0.995330561471679
"647",2033-11-01,1.10067514673932
"648",2033-12-01,1.00425558173318
"649",2034-01-01,1.06944885035166
"650",2034-02-01,0.997473743554803
"651",2034-03-01,1.09802801397373
"652",2034-04-01,1.02356827239341
"653",2034-05-01,1.06595746003041
"654",2034-06-01,1.26634591422973
"655",2034-07-01,1.29328183326151
"656",2034-08-01,1.04362791814698
"657",2034-09-01,1.01731944943439
"658",2034-10-01,1.10590538174109
"659",2034-11-01,1.09027757460575
"660",2034-12-01,1.05767786375129
"661",2035-01-01,1.05316107311563
"662",2035-02-01,1.05598027042136
"663",2035-03-01,0.744622096936148
"664",2035-04-01,1.4888094977439
"665",2035-05-01,1.19930944961963
"666",2035-06-01,1.28880622579654
"667",2035-07-01,0.960988875827595
"668",2035-08-01,0.827890804015055
"669",2035-09-01,1.04103799445281
"670",2035-10-01,0.863616152065859
"671",2035-11-01,0.973295840280889
"672",2035-12-01,1.02571798417043
"673",2036-01-01,1.04321125390423
"674",2036-02-01,1.12024691599229
"675",2036-03-01,0.733305220084079
"676",2036-04-01,0.691552293544249
"677",2036-05-01,0.891270669876623
"678",2036-06-01,0.933777716765658
"679",2036-07-01,0.944918719111908
"680",2036-08-01,0.978660707347748
"681",2036-09-01,0.976463606019422
"682",2036-10-01,0.979410111085602
"683",2036-11-01,1.13532797552397
"684",2036-12-01,1.04312825294134
"685",2037-01-01,1.00006201063264
"686",2037-02-01,0.906261128748548
"687",2037-03-01,1.30643957362951
"688",2037-04-01,1.2109014405594
"689",2037-05-01,1.0950071894094
"690",2037-06-01,1.04261193627461
"691",2037-07-01,0.924034176151482
"692",2037-08-01,1.07100143342514
"693",2037-09-01,1.18653177257198
"694",2037-10-01,0.952321312748717
"695",2037-11-01,1.14002915689803
"696",2037-12-01,1.05551308285553
"697",2038-01-01,1.09098083629493
"698",2038-02-01,1.03530569642443
"699",2038-03-01,1.0663185691807
"700",2038-04-01,1.0249492817414
"701",2038-05-01,1.11410854664521
"702",2038-06-01,1.23430196582882
"703",2038-07-01,0.916473331081397
"704",2038-08-01,1.05198941262804
"705",2038-09-01,1.16689380718932
"706",2038-10-01,1.03270821291405
"707",2038-11-01,1.05101828699195
"708",2038-12-01,1.05414895351364
"709",2039-01-01,1.03078235811942
"710",2039-02-01,0.941299742866998
"711",2039-03-01,0.700949899442805
"712",2039-04-01,1.42424319751913
"713",2039-05-01,1.07282687345271
"714",2039-06-01,0.883631099812022
"715",2039-07-01,0.945629011029533
"716",2039-08-01,0.914464767185024
"717",2039-09-01,0.965264409549112
"718",2039-10-01,1.08788610134011
"719",2039-11-01,1.03050010454206
"720",2039-12-01,1.04879468773914
"721",2040-01-01,1.04075496578363
"722",2040-02-01,0.96637458653039
"723",2040-03-01,0.721234690663643
"724",2040-04-01,1.49806089161642
"725",2040-05-01,1.20894014336532
"726",2040-06-01,1.05248309740488
"727",2040-07-01,0.972117074928447
"728",2040-08-01,1.18048751707484
"729",2040-09-01,1.12238904727555
"730",2040-10-01,1.23313115596138
"731",2040-11-01,1.12029323786395
"732",2040-12-01,1.02145486116153
"733",2041-01-01,1.03196349537916
"734",2041-02-01,1.06287480549055
"735",2041-03-01,1.12399324425201
"736",2041-04-01,1.44543383822552
"737",2041-05-01,1.33465309586693
"738",2041-06-01,1.07634122709455
"739",2041-07-01,1.17130034788352
"740",2041-08-01,1.20469275088196
"741",2041-09-01,0.983846858805568
"742",2041-10-01,1.00993726017022
"743",2041-11-01,0.981952212746338
"744",2041-12-01,1.02084081717407
"745",2042-01-01,1.11243595028378
"746",2042-02-01,1.03569832830915
"747",2042-03-01,0.637081376667272
"748",2042-04-01,1.18816212555874
"749",2042-05-01,1.11496229772762
"750",2042-06-01,1.05508093035948
"751",2042-07-01,0.96603374697192
"752",2042-08-01,1.00325566041586
"753",2042-09-01,1.39449180726461
"754",2042-10-01,1.48091313908953
"755",2042-11-01,1.13670640245275
"756",2042-12-01,1.02441898919791
"757",2043-01-01,1.02396695536273
"758",2043-02-01,1.06456139125205
"759",2043-03-01,1.19201132076835
"760",2043-04-01,0.990003584922855
"761",2043-05-01,1.31902547108695
"762",2043-06-01,1.01814544187214
"763",2043-07-01,1.0939218208858
"764",2043-08-01,1.05727361251133
"765",2043-09-01,1.09388784378418
"766",2043-10-01,1.30649070451442
"767",2043-11-01,1.03634386251399
"768",2043-12-01,1.0842152524971
"769",2044-01-01,1.05302855762078
"770",2044-02-01,1.10501430456343
"771",2044-03-01,1.11055968217752
"772",2044-04-01,1.00325374289632
"773",2044-05-01,1.5165133011359
"774",2044-06-01,1.38083511910253
"775",2044-07-01,1.03200188378867
"776",2044-08-01,1.16424069916808
"777",2044-09-01,1.14605663932522
"778",2044-10-01,1.03103680599648
"779",2044-11-01,1.01831900859937
"780",2044-12-01,1.07948420642793
"781",2045-01-01,1.01925900763434
"782",2045-02-01,1.01483888514605
"783",2045-03-01,1.52215898954052
"784",2045-04-01,1.07556226640141
"785",2045-05-01,1.04004556553749
"786",2045-06-01,1.27738046027222
"787",2045-07-01,1.27209496068786
"788",2045-08-01,1.24960496148747
"789",2045-09-01,1.118235351651
"790",2045-10-01,1.10171799623458
"791",2045-11-01,1.07600470737432
"792",2045-12-01,1.02083599843144
"793",2046-01-01,1.01308418701577
"794",2046-02-01,1.05014972359134
"795",2046-03-01,1.02595992568513
"796",2046-04-01,0.966001482951437
"797",2046-05-01,1.13972103565495
"798",2046-06-01,0.860802392248332
"799",2046-07-01,0.919523951063901
"800",2046-08-01,0.889581749653445
"801",2046-09-01,1.17763740915219
"802",2046-10-01,1.03146784341755
"803",2046-11-01,1.04644900073398
"804",2046-12-01,1.04000504613131
"805",2047-01-01,1.02578628034443
"806",2047-02-01,1.10797799178672
"807",2047-03-01,0.898003259625586
"808",2047-04-01,1.04708844012441
"809",2047-05-01,1.06705856106326
"810",2047-06-01,1.15978252023113
"811",2047-07-01,1.05781813831589
"812",2047-08-01,1.13534437856134
"813",2047-09-01,1.20757901688459
"814",2047-10-01,1.13778906959571
"815",2047-11-01,1.02903080383692
"816",2047-12-01,1.05205195185063
"817",2048-01-01,1.07780450671968
"818",2048-02-01,1.19344437121509
"819",2048-03-01,2.08497719080328
"820",2048-04-01,0.747105174247756
"821",2048-05-01,1.14748722705202
"822",2048-06-01,0.924421578709916
"823",2048-07-01,1.09491094938016
"824",2048-08-01,1.4346335943411
"825",2048-09-01,1.18490704974744
"826",2048-10-01,1.12246026496779
"827",2048-11-01,1.10038104713272
"828",2048-12-01,1.04029112117494
"829",2049-01-01,1.01591776103834
"830",2049-02-01,1.01911423766532
"831",2049-03-01,1.20399069912444
"832",2049-04-01,1.11944976719639
"833",2049-05-01,0.918889935273886
"834",2049-06-01,0.792220478577461
"835",2049-07-01,0.810485496368396
"836",2049-08-01,0.880458784667777
"837",2049-09-01,0.970870167185997
"838",2049-10-01,1.15878745060693
"839",2049-11-01,0.988969081549439
"840",2049-12-01,1.01885535491863
"841",2050-01-01,1.04846267416323
"842",2050-02-01,1.08921868562739
"843",2050-03-01,0.736384462815581
"844",2050-04-01,0.84138150339096
"845",2050-05-01,0.916239857795041
"846",2050-06-01,0.857040483132864
"847",2050-07-01,0.958814186936943
"848",2050-08-01,1.08765783209357
"849",2050-09-01,0.994263444317973
"850",2050-10-01,0.989869471024537
"851",2050-11-01,1.06185725056598
"852",2050-12-01,1.06087076084503
"853",2051-01-01,1.04406658995928
"854",2051-02-01,1.30956270769533
"855",2051-03-01,1.09981699942915
"856",2051-04-01,0.904131969607287
"857",2051-05-01,0.851599607603016
"858",2051-06-01,0.849447951437661
"859",2051-07-01,0.943740269854537
"860",2051-08-01,0.942402547200251
"861",2051-09-01,1.26068909876909
"862",2051-10-01,0.995038922480656
"863",2051-11-01,1.01801945459653
"864",2051-12-01,1.02107716321372
"865",2052-01-01,1.01120909676279
"866",2052-02-01,1.09493391315378
"867",2052-03-01,0.860443796228322
"868",2052-04-01,0.86089187812208
"869",2052-05-01,0.696817136532506
"870",2052-06-01,0.649475170405331
"871",2052-07-01,0.67832895188316
"872",2052-08-01,1.01896867493783
"873",2052-09-01,0.998996910888238
"874",2052-10-01,1.04947221952083
"875",2052-11-01,1.05988929530731
"876",2052-12-01,1.07669027147268
"877",2053-01-01,1.05407619136696
"878",2053-02-01,0.97310925454089
"879",2053-03-01,1.46500441650518
"880",2053-04-01,1.08783513664629
"881",2053-05-01,0.837848550298774
"882",2053-06-01,0.98630363491907
"883",2053-07-01,1.18620027266135
"884",2053-08-01,1.32590828758727
"885",2053-09-01,1.27930983315498
"886",2053-10-01,1.22003551832742
"887",2053-11-01,1.19940799231539
"888",2053-12-01,1.11132018608442
"889",2054-01-01,1.04144173951505
"890",2054-02-01,1.14805477099392
"891",2054-03-01,1.40160819111948
"892",2054-04-01,1.00348399212755
"893",2054-05-01,1.25948167997219
"894",2054-06-01,1.28428470033394
"895",2054-07-01,1.37813776863648
"896",2054-08-01,1.30406685871795
"897",2054-09-01,0.981935677676552
"898",2054-10-01,1.2251029414295
"899",2054-11-01,1.27643022890196
"900",2054-12-01,1.03604681972683
"901",2055-01-01,1.02749833649082
"902",2055-02-01,0.912327021148366
"903",2055-03-01,0.680483507272644
"904",2055-04-01,0.987398186831153
"905",2055-05-01,0.970481634369791
"906",2055-06-01,1.0524363469734
"907",2055-07-01,1.1470957214948
"908",2055-08-01,0.948843597173457
"909",2055-09-01,1.27277110257619
"910",2055-10-01,0.984130806679926
"911",2055-11-01,1.08772361178958
"912",2055-12-01,1.05984167618308
"913",2056-01-01,1.03578105870566
"914",2056-02-01,1.21920975290145
"915",2056-03-01,1.84100681813671
"916",2056-04-01,0.949144795956335
"917",2056-05-01,1.09335059389426
"918",2056-06-01,0.897842176323541
"919",2056-07-01,1.17616467228589
"920",2056-08-01,1.22119585222987
"921",2056-09-01,1.02054328331993
"922",2056-10-01,1.01265247956999
"923",2056-11-01,1.03392343029451
"924",2056-12-01,1.07856413738575
"925",2057-01-01,1.09439083584505
"926",2057-02-01,1.15408883169894
"927",2057-03-01,1.60889828390383
"928",2057-04-01,0.899809061081208
"929",2057-05-01,0.878208377564614
"930",2057-06-01,1.23378062961498
"931",2057-07-01,1.1251107865304
"932",2057-08-01,1.3133804575466
"933",2057-09-01,1.27676738256726
"934",2057-10-01,1.04870959343592
"935",2057-11-01,1.02887047786473
"936",2057-12-01,1.05891635241093
"937",2058-01-01,1.03536688191091
"938",2058-02-01,1.38452437732684
"939",2058-03-01,1.02187664609428
"940",2058-04-01,1.32279251083428
"941",2058-05-01,1.22685011300409
"942",2058-06-01,1.35763373145139
"943",2058-07-01,1.47017331343493
"944",2058-08-01,1.4432614640754
"945",2058-09-01,1.31402593227515
"946",2058-10-01,1.0269842039339
"947",2058-11-01,1.09719821576819
"948",2058-12-01,1.05521949100549
"949",2059-01-01,1.07900341036065
"950",2059-02-01,1.18921731279316
"951",2059-03-01,1.20334636208033
"952",2059-04-01,0.891285027226138
"953",2059-05-01,1.00519481597885
"954",2059-06-01,1.14893040391656
"955",2059-07-01,1.19221840174182
"956",2059-08-01,1.41996369473592
"957",2059-09-01,1.24890414784071
"958",2059-10-01,1.00539043482994
"959",2059-11-01,1.08521852965712
"960",2059-12-01,1.0493186006605
"961",2060-01-01,1.02706081165777
"962",2060-02-01,1.17466282316915
"963",2060-03-01,1.45013029575834
"964",2060-04-01,1.1950837477588
"965",2060-05-01,1.42336742255785
"966",2060-06-01,1.59316081906708
"967",2060-07-01,1.2864530510808
"968",2060-08-01,0.98364147644408
"969",2060-09-01,1.33368669272176
"970",2060-10-01,1.01456234701186
"971",2060-11-01,1.04423703561816
"972",2060-12-01,1.07945211662048
"973",2061-01-01,1.00739123756101
"974",2061-02-01,0.939536758046799
"975",2061-03-01,1.54192848092928
"976",2061-04-01,0.845202761373429
"977",2061-05-01,1.19122802246047
"978",2061-06-01,1.01329729692841
"979",2061-07-01,1.37393040552367
"980",2061-08-01,1.2082132983062
"981",2061-09-01,1.1561416167354
"982",2061-10-01,1.07490961959948
"983",2061-11-01,1.00020395189376
"984",2061-12-01,1.05730620150439
"985",2062-01-01,1.07606438290434
"986",2062-02-01,1.07902609594787
"987",2062-03-01,1.48421908102635
"988",2062-04-01,0.773864626430112
"989",2062-05-01,0.924259933567382
"990",2062-06-01,0.922570705601601
"991",2062-07-01,0.971818027099953
"992",2062-08-01,1.14236071948344
"993",2062-09-01,0.8538350190652
"994",2062-10-01,1.0058218085277
"995",2062-11-01,1.10610756058259
"996",2062-12-01,1.07760753831076
"997",2063-01-01,1.05780249132614
"998",2063-02-01,1.12860382242233
"999",2063-03-01,0.847294551480834
"1000",2063-04-01,1.26455835419272
"1001",2063-05-01,1.13154061461522
"1002",2063-06-01,0.903166226090928
"1003",2063-07-01,1.1011502036225
"1004",2063-08-01,0.906421695566152
"1005",2063-09-01,0.994094122663049
"1006",2063-10-01,0.832082630975066
"1007",2063-11-01,0.984656831444373
"1008",2063-12-01,1.05123895868506
"1009",2064-01-01,1.07674462222935
"1010",2064-02-01,0.903607336397793
"1011",2064-03-01,1.19703530148588
"1012",2064-04-01,1.09164478124106
"1013",2064-05-01,0.892176921005026
"1014",2064-06-01,1.30745991901195
"1015",2064-07-01,1.31410984603861
"1016",2064-08-01,1.34399835803706
"1017",2064-09-01,1.52019355133695
"1018",2064-10-01,1.07448916712632
"1019",2064-11-01,1.13167627848343
"1020",2064-12-01,1.05021379543561
"1021",2065-01-01,1.17619700743872
"1022",2065-02-01,1.44886235502498
"1023",2065-03-01,1.35098686844056
"1024",2065-04-01,1.43905935908795
"1025",2065-05-01,1.13377867789861
"1026",2065-06-01,1.12735380736429
"1027",2065-07-01,1.31092082515724
"1028",2065-08-01,1.1268110548697
"1029",2065-09-01,1.28528056950248
"1030",2065-10-01,1.25408973725047
"1031",2065-11-01,0.964433780170641
"1032",2065-12-01,1.06797602838533
"1033",2066-01-01,1.11452585060835
"1034",2066-02-01,1.03750736275897
"1035",2066-03-01,1.12625622466241
"1036",2066-04-01,1.38375287782161
"1037",2066-05-01,0.868836458205583
"1038",2066-06-01,1.00716774716579
"1039",2066-07-01,1.05990844571055
"1040",2066-08-01,1.25145250015737
"1041",2066-09-01,1.10145350752726
"1042",2066-10-01,1.03613123904216
"1043",2066-11-01,1.09208043723778
"1044",2066-12-01,1.05384785449057
"1045",2067-01-01,1.03772101483943
"1046",2067-02-01,1.15193034861982
"1047",2067-03-01,0.939168119297255
"1048",2067-04-01,0.958031837926699
"1049",2067-05-01,0.829735375519466
"1050",2067-06-01,0.927164134190453
"1051",2067-07-01,0.746467088916114
"1052",2067-08-01,0.883557226498486
"1053",2067-09-01,0.962491882104513
"1054",2067-10-01,0.988612682163183
"1055",2067-11-01,0.962933562263686
"1056",2067-12-01,1.04392008108856
"1057",2068-01-01,1.07761223847082
"1058",2068-02-01,1.43083017162859
"1059",2068-03-01,1.33410755868236
"1060",2068-04-01,0.60465333127099
"1061",2068-05-01,0.985850310151349
"1062",2068-06-01,0.697299800002172
"1063",2068-07-01,0.791898329769374
"1064",2068-08-01,1.04328124250842
"1065",2068-09-01,0.866488477532869
"1066",2068-10-01,1.00269370739546
"1067",2068-11-01,1.09417832433586
"1068",2068-12-01,1.04711097316891
"1069",2069-01-01,1.10292472212045
"1070",2069-02-01,1.23364081962227
"1071",2069-03-01,1.37852073304683
"1072",2069-04-01,1.29475032588136
"1073",2069-05-01,1.05415939229204
"1074",2069-06-01,1.11071987949738
"1075",2069-07-01,1.3790253131224
"1076",2069-08-01,1.13877530039476
"1077",2069-09-01,1.37293081029261
"1078",2069-10-01,1.0457901447939
"1079",2069-11-01,1.09315471777331
"1080",2069-12-01,1.07423781523211
"1081",2070-01-01,1.01269014891008
"1082",2070-02-01,0.970443982410399
"1083",2070-03-01,1.24385009698945
"1084",2070-04-01,1.14926689202949
"1085",2070-05-01,0.919461878377897
"1086",2070-06-01,1.14866351868777
"1087",2070-07-01,0.971483674558566
"1088",2070-08-01,0.964173071937447
"1089",2070-09-01,0.967468800303626
"1090",2070-10-01,1.06051934932063
"1091",2070-11-01,1.19181649884947
"1092",2070-12-01,1.01632466486725
"1093",2071-01-01,1.02548666018987
"1094",2071-02-01,0.935888330552017
"1095",2071-03-01,0.793455612184297
"1096",2071-04-01,0.827223093243498
"1097",2071-05-01,1.03914774002946
"1098",2071-06-01,1.20994734240656
"1099",2071-07-01,1.13611094945094
"1100",2071-08-01,1.11513613562548
"1101",2071-09-01,1.1650737949486
"1102",2071-10-01,1.0326839243295
"1103",2071-11-01,1.02389326912526
"1104",2071-12-01,1.07788046645957
"1105",2072-01-01,1.074287551579
"1106",2072-02-01,1.07010841706213
"1107",2072-03-01,1.79439264403975
"1108",2072-04-01,1.51909233258158
"1109",2072-05-01,1.0916560468249
"1110",2072-06-01,1.14702741671513
"1111",2072-07-01,1.06732399695746
"1112",2072-08-01,1.28239436542783
"1113",2072-09-01,0.967905588847482
"1114",2072-10-01,1.11265698822963
"1115",2072-11-01,1.06224755326825
"1116",2072-12-01,1.09563836531259
"1117",2073-01-01,1.06409437874581
"1118",2073-02-01,1.00091554810097
"1119",2073-03-01,1.23664235815895
"1120",2073-04-01,1.22646471456712
"1121",2073-05-01,1.162100264328
"1122",2073-06-01,0.808537608988347
"1123",2073-07-01,1.19669584437654
"1124",2073-08-01,1.14667844252125
"1125",2073-09-01,0.972783958455268
"1126",2073-10-01,0.991707765376202
"1127",2073-11-01,0.969542715802577
"1128",2073-12-01,1.03931183510418
"1129",2074-01-01,1.01267992953524
"1130",2074-02-01,0.991060369494397
"1131",2074-03-01,1.14809007229041
"1132",2074-04-01,1.47344718344639
"1133",2074-05-01,0.880721491406526
"1134",2074-06-01,1.19102401102466
"1135",2074-07-01,0.986986495916671
"1136",2074-08-01,1.48558799645648
"1137",2074-09-01,1.19101419599551
"1138",2074-10-01,0.962972089861319
"1139",2074-11-01,1.09187161310173
"1140",2074-12-01,1.03587271622016
"1141",2075-01-01,1.01891720698555
"1142",2075-02-01,0.884883414133811
"1143",2075-03-01,1.34766227860893
"1144",2075-04-01,0.78581906665509
"1145",2075-05-01,0.833118574930446
"1146",2075-06-01,0.888474547757074
"1147",2075-07-01,1.02130645621946
"1148",2075-08-01,0.924948733239397
"1149",2075-09-01,1.1062831610828
"1150",2075-10-01,1.12662978385662
"1151",2075-11-01,1.12667545509278
"1152",2075-12-01,1.0046040857447
"1153",2076-01-01,1.09575541935763
"1154",2076-02-01,1.51607608215791
"1155",2076-03-01,0.779136042135104
"1156",2076-04-01,0.949179572984912
"1157",2076-05-01,1.15479684832671
"1158",2076-06-01,1.42221751776771
"1159",2076-07-01,1.20263854349062
"1160",2076-08-01,1.00421895476497
"1161",2076-09-01,1.15786868250828
"1162",2076-10-01,1.10055175685179
"1163",2076-11-01,1.03794728580782
"1164",2076-12-01,1.03470534724895
"1165",2077-01-01,1.0415046715256
"1166",2077-02-01,1.29144630204921
"1167",2077-03-01,1.20065455565797
"1168",2077-04-01,1.46419433758793
"1169",2077-05-01,1.42517860139266
"1170",2077-06-01,1.10735555381209
"1171",2077-07-01,1.23148995952865
"1172",2077-08-01,1.34417289142152
"1173",2077-09-01,1.07384341307165
"1174",2077-10-01,1.10077877645699
"1175",2077-11-01,1.08577532109222
"1176",2077-12-01,1.05350957605294
"1177",2078-01-01,1.032200202996
"1178",2078-02-01,1.01478545419851
"1179",2078-03-01,1.30757784942121
"1180",2078-04-01,1.30325720937152
"1181",2078-05-01,1.22397141580241
"1182",2078-06-01,1.11330435342578
"1183",2078-07-01,0.795400952318298
"1184",2078-08-01,0.936158515820502
"1185",2078-09-01,0.855152131688704
"1186",2078-10-01,0.8648393740757
"1187",2078-11-01,1.08698508063067
"1188",2078-12-01,1.02421433768474
"1189",2079-01-01,1.03664288674985
"1190",2079-02-01,1.06789725324436
"1191",2079-03-01,0.918593543321472
"1192",2079-04-01,1.09224394278386
"1193",2079-05-01,1.09191884660271
"1194",2079-06-01,1.04688125811924
"1195",2079-07-01,1.01792776915598
"1196",2079-08-01,0.799987885789106
"1197",2079-09-01,0.821886849508486
"1198",2079-10-01,0.93165181866061
"1199",2079-11-01,1.01529331358962
"1200",2079-12-01,1.04628077142624
"1201",2080-01-01,1.04113816441021
"1202",2080-02-01,1.19568609644566
"1203",2080-03-01,0.994251878545885
"1204",2080-04-01,0.700564488336092
"1205",2080-05-01,0.978153907458218
"1206",2080-06-01,0.781071154471304
"1207",2080-07-01,0.881310332616491
"1208",2080-08-01,1.16727337480983
"1209",2080-09-01,0.969779959303998
"1210",2080-10-01,0.968724836640745
"1211",2080-11-01,1.1636117094005
"1212",2080-12-01,1.03334637454254
"1213",2081-01-01,1.0245357752675
"1214",2081-02-01,1.02629756010526
"1215",2081-03-01,1.831849389589
"1216",2081-04-01,0.783119205104295
"1217",2081-05-01,0.925839430963859
"1218",2081-06-01,1.16467561479806
"1219",2081-07-01,1.11883350946987
"1220",2081-08-01,1.14558090954151
"1221",2081-09-01,0.903065121346186
"1222",2081-10-01,0.970149571188178
"1223",2081-11-01,1.12374231614804
"1224",2081-12-01,1.06330816068498
"1225",2082-01-01,1.05743851762751
"1226",2082-02-01,0.798176714498219
"1227",2082-03-01,1.12220657737992
"1228",2082-04-01,0.952018851211736
"1229",2082-05-01,1.01453406584144
"1230",2082-06-01,0.951446861961956
"1231",2082-07-01,0.916359842724891
"1232",2082-08-01,0.949119581271217
"1233",2082-09-01,1.04057320172752
"1234",2082-10-01,0.971072784558015
"1235",2082-11-01,1.03691172178667
"1236",2082-12-01,1.04756245468631
"1237",2083-01-01,1.01109507239245
"1238",2083-02-01,0.929498977778302
"1239",2083-03-01,0.94461056968026
"1240",2083-04-01,0.9298093281782
"1241",2083-05-01,0.847597651177378
"1242",2083-06-01,0.595847704824521
"1243",2083-07-01,0.834492445840133
"1244",2083-08-01,0.849261091070705
"1245",2083-09-01,1.01129060972025
"1246",2083-10-01,1.11125582555766
"1247",2083-11-01,0.924232209214428
"1248",2083-12-01,1.0500491565357
"1249",2084-01-01,1.06101964333834
"1250",2084-02-01,0.959126400339116
"1251",2084-03-01,2.0674323616875
"1252",2084-04-01,0.874775749338955
"1253",2084-05-01,1.03388890187564
"1254",2084-06-01,1.02556888199545
"1255",2084-07-01,1.0194275343689
"1256",2084-08-01,0.965489157215495
"1257",2084-09-01,0.899103693840609
"1258",2084-10-01,1.1001302935246
"1259",2084-11-01,1.04356929364408
"1260",2084-12-01,1.07024149509825
"1261",2085-01-01,1.06434607096787
"1262",2085-02-01,0.905157847816149
"1263",2085-03-01,1.49163315120532
"1264",2085-04-01,1.03918227924852
"1265",2085-05-01,1.11422851887991
"1266",2085-06-01,1.27003321079765
"1267",2085-07-01,1.14622242719805
"1268",2085-08-01,1.32714918864706
"1269",2085-09-01,1.19887692276901
"1270",2085-10-01,1.00295918833703
"1271",2085-11-01,1.08059764791703
"1272",2085-12-01,1.03577805102243
"1273",2086-01-01,1.03395942450371
"1274",2086-02-01,1.05783173838101
"1275",2086-03-01,1.42901735377509
"1276",2086-04-01,1.24072153197245
"1277",2086-05-01,0.967889573809852
"1278",2086-06-01,0.937023757990947
"1279",2086-07-01,1.27734983397935
"1280",2086-08-01,1.20432182384646
"1281",2086-09-01,1.09668663975638
"1282",2086-10-01,0.961241959727406
"1283",2086-11-01,1.09927519841197
"1284",2086-12-01,1.06727174939436
"1285",2087-01-01,1.11274448732957
"1286",2087-02-01,1.32678790821728
"1287",2087-03-01,0.846529718133757
"1288",2087-04-01,1.10770405883428
"1289",2087-05-01,1.17705897919457
"1290",2087-06-01,1.06484661141705
"1291",2087-07-01,1.19903392763734
"1292",2087-08-01,1.17265729490032
"1293",2087-09-01,0.960009473173108
"1294",2087-10-01,1.02207787865431
"1295",2087-11-01,1.0548386653216
"1296",2087-12-01,1.03136952165994
"1297",2088-01-01,1.05413110498911
"1298",2088-02-01,0.896197799487004
"1299",2088-03-01,1.54192435561028
"1300",2088-04-01,0.565216627061686
"1301",2088-05-01,0.733898236518421
"1302",2088-06-01,0.81512994416621
"1303",2088-07-01,0.841905799143383
"1304",2088-08-01,0.880674811889615
"1305",2088-09-01,0.776063847866743
"1306",2088-10-01,0.966024877663608
"1307",2088-11-01,0.911165670229985
"1308",2088-12-01,1.00741572852302
"1309",2089-01-01,1.0535478817683
"1310",2089-02-01,0.975653977698559
"1311",2089-03-01,1.01722403251288
"1312",2089-04-01,0.660122844090564
"1313",2089-05-01,0.714360607461513
"1314",2089-06-01,0.802947728310501
"1315",2089-07-01,0.982930631940055
"1316",2089-08-01,0.995484727914592
"1317",2089-09-01,1.03530584084454
"1318",2089-10-01,0.883371282218411
"1319",2089-11-01,1.13498834474171
"1320",2089-12-01,1.03680167121868
"1321",2090-01-01,1.05588229089101
"1322",2090-02-01,1.00530376526235
"1323",2090-03-01,1.35292025658591
"1324",2090-04-01,1.38698285961198
"1325",2090-05-01,0.864687476846466
"1326",2090-06-01,0.912807312360793
"1327",2090-07-01,1.02232008363163
"1328",2090-08-01,1.02336204014026
"1329",2090-09-01,1.13381117618492
"1330",2090-10-01,0.98955826207197
"1331",2090-11-01,0.999721391246704
"1332",2090-12-01,1.08746000582094
"1333",2091-01-01,1.03179148976619
"1334",2091-02-01,1.12981025974167
"1335",2091-03-01,0.951871561068057
"1336",2091-04-01,1.37553224173568
"1337",2091-05-01,1.11155550055842
"1338",2091-06-01,1.1632745607961
"1339",2091-07-01,1.06871892731316
"1340",2091-08-01,0.99035463535466
"1341",2091-09-01,1.11513712196853
"1342",2091-10-01,1.3543907959425
"1343",2091-11-01,1.19445748998985
"1344",2091-12-01,1.01745332834992
"1345",2092-01-01,0.993795570528826
"1346",2092-02-01,0.851192725060891
"1347",2092-03-01,2.78409552516188
"1348",2092-04-01,1.20433486253209
"1349",2092-05-01,1.13158862263953
"1350",2092-06-01,0.890610136743937
"1351",2092-07-01,0.944875478313144
"1352",2092-08-01,1.05910022145406
"1353",2092-09-01,1.09360263715766
"1354",2092-10-01,1.20066901861168
"1355",2092-11-01,0.981481513630036
"1356",2092-12-01,1.02889850850862
"1357",2093-01-01,1.00448662506751
"1358",2093-02-01,1.32636923949503
"1359",2093-03-01,0.996744185711642
"1360",2093-04-01,1.07463582946046
"1361",2093-05-01,0.70978913335919
"1362",2093-06-01,0.920743967328278
"1363",2093-07-01,0.845591536479375
"1364",2093-08-01,0.91629469242721
"1365",2093-09-01,0.795007495059058
"1366",2093-10-01,0.882711432808567
"1367",2093-11-01,1.09108322973252
"1368",2093-12-01,1.02680016761191
"1369",2094-01-01,1.04030109191775
"1370",2094-02-01,0.953772827103882
"1371",2094-03-01,0.980546077270883
"1372",2094-04-01,1.48377127349598
"1373",2094-05-01,1.22522150620634
"1374",2094-06-01,1.02036822942593
"1375",2094-07-01,0.904660562883086
"1376",2094-08-01,0.928194376547536
"1377",2094-09-01,1.01354417454508
"1378",2094-10-01,1.03088405612051
"1379",2094-11-01,1.04496959624568
"1380",2094-12-01,1.02388294173517
"1381",2095-01-01,1.16400443587887
"1382",2095-02-01,1.11799574068172
"1383",2095-03-01,1.22292807894311
"1384",2095-04-01,1.25588217460957
"1385",2095-05-01,1.23576428371546
"1386",2095-06-01,1.22199586456178
"1387",2095-07-01,1.10640934263584
"1388",2095-08-01,1.06463026368155
"1389",2095-09-01,0.981487287589484
"1390",2095-10-01,1.00955228271455
"1391",2095-11-01,1.01648963636542
"1392",2095-12-01,1.03586767738041
"1393",2096-01-01,1.03868273199991
"1394",2096-02-01,1.36396495405208
"1395",2096-03-01,1.03052116175233
"1396",2096-04-01,0.83504338304598
"1397",2096-05-01,0.993721786763902
"1398",2096-06-01,0.883786918659374
"1399",2096-07-01,1.15812211613997
"1400",2096-08-01,1.09243055737433
"1401",2096-09-01,0.906323666422883
"1402",2096-10-01,0.943258533005001
"1403",2096-11-01,1.12663974024877
"1404",2096-12-01,1.05248280479407
"1405",2097-01-01,1.03429939541559
"1406",2097-02-01,0.972687291693273
"1407",2097-03-01,1.43858538849684
"1408",2097-04-01,1.16722172759307
"1409",2097-05-01,1.08868694102343
"1410",2097-06-01,0.900291446488485
"1411",2097-07-01,0.896803681987121
"1412",2097-08-01,1.00796710643859
"1413",2097-09-01,0.93198173257762
"1414",2097-10-01,1.10175763312647
"1415",2097-11-01,1.09700378353469
"1416",2097-12-01,1.06335478887887
"1417",2098-01-01,1.02510181168396
"1418",2098-02-01,1.36513576442462
"1419",2098-03-01,0.364638407010899
"1420",2098-04-01,1.67731677506896
"1421",2098-05-01,1.23580230604783
"1422",2098-06-01,1.15773812289946
"1423",2098-07-01,0.994005710228445
"1424",2098-08-01,0.977724118710732
"1425",2098-09-01,0.919214103958242
"1426",2098-10-01,1.09811663244375
"1427",2098-11-01,1.09413178013368
"1428",2098-12-01,1.05756802669152
"1429",2099-01-01,1.05815391681499
"1430",2099-02-01,0.955280034250559
"1431",2099-03-01,0.966505680234641
"1432",2099-04-01,1.17230669656026
"1433",2099-05-01,0.748130679233661
"1434",2099-06-01,0.80065244414711
"1435",2099-07-01,1.0193396992473
"1436",2099-08-01,0.94547006103305
"1437",2099-09-01,0.96812122420571
"1438",2099-10-01,0.821450896784573
"1439",2099-11-01,1.05719211633159
"1440",2099-12-01,1.09044961673352
